large,middle,small,mini,micro,account_id,account_item,indicator,created_at,updated_at
貸借対照表,資産の部,流動資産,,,1110001,現金及び預金,1,2023/12/28 23:16,2023/12/28 23:16
貸借対照表,資産の部,流動資産,,,1110002,受取手形、売掛金及び契約資産,1,2023/12/28 23:16,2023/12/28 23:16
貸借対照表,資産の部,流動資産,,,1110003,受取手形及び売掛金,1,2023/12/28 23:16,2023/12/28 23:16
貸借対照表,資産の部,流動資産,,,1110004,売掛金及び契約資産,1,2023/12/28 23:16,2023/12/28 23:16
貸借対照表,資産の部,流動資産,,,1110005,受取手形・完成工事未収入金等,1,2023/12/28 23:16,2023/12/28 23:16
貸借対照表,資産の部,流動資産,,,1110006,受取手形・完成工事未収入金,1,2023/12/28 23:16,2023/12/28 23:16
貸借対照表,資産の部,流動資産,,,1110007,受取手形,1,2023/12/28 23:16,2023/12/28 23:16
貸借対照表,資産の部,流動資産,,,1110008,売掛金,1,2023/12/28 23:16,2023/12/28 23:16
貸借対照表,資産の部,流動資産,,,1110009,契約資産,1,2023/12/28 23:16,2023/12/28 23:16
貸借対照表,資産の部,流動資産,,,1110010,完成工事未収入金,1,2023/12/28 23:16,2023/12/28 23:16
貸借対照表,資産の部,流動資産,,,1110011,貸倒引当金,1,2023/12/28 23:16,2023/12/28 23:16
貸借対照表,資産の部,流動資産,,,1110012,関係会社売掛金,1,2023/12/28 23:16,2023/12/28 23:16
貸借対照表,資産の部,流動資産,,,1110013,割賦売掛金,1,2023/12/28 23:16,2023/12/28 23:16
貸借対照表,資産の部,流動資産,,,1110014,開発事業未収入金,1,2023/12/28 23:16,2023/12/28 23:16
貸借対照表,資産の部,流動資産,,,1110015,不動産事業未収入金,1,2023/12/28 23:16,2023/12/28 23:16
貸借対照表,資産の部,流動資産,,,1110016,完成業務未収入金,1,2023/12/28 23:16,2023/12/28 23:16
貸借対照表,資産の部,流動資産,,,1110017,加盟店貸勘定,1,2023/12/28 23:16,2023/12/28 23:16
貸借対照表,資産の部,流動資産,,,1110018,受取手形及び営業未収入金,1,2023/12/28 23:16,2023/12/28 23:16
貸借対照表,資産の部,流動資産,,,1110019,営業未収入金,1,2023/12/28 23:16,2023/12/28 23:16
貸借対照表,資産の部,流動資産,,,1110020,電子記録債権,1,2023/12/28 23:16,2023/12/28 23:16
貸借対照表,資産の部,流動資産,,,1110021,営業貸付金,1,2023/12/28 23:16,2023/12/28 23:16
貸借対照表,資産の部,流動資産,,,1110022,有価証券,1,2023/12/28 23:16,2023/12/28 23:16
貸借対照表,資産の部,流動資産,,,1110023,金銭の信託,1,2023/12/28 23:16,2023/12/28 23:16
貸借対照表,資産の部,流動資産,,,1110024,営業投資有価証券,1,2023/12/28 23:16,2023/12/28 23:16
貸借対照表,資産の部,流動資産,,,1110025,棚卸資産,1,2023/12/28 23:16,2023/12/28 23:16
貸借対照表,資産の部,流動資産,,,1110026,商品,1,2023/12/28 23:16,2023/12/28 23:16
貸借対照表,資産の部,流動資産,,,1110027,未着商品,1,2023/12/28 23:16,2023/12/28 23:16
貸借対照表,資産の部,流動資産,,,1110028,製品、副産物及び作業くず,1,2023/12/28 23:16,2023/12/28 23:16
貸借対照表,資産の部,流動資産,,,1110029,製品,1,2023/12/28 23:16,2023/12/28 23:16
貸借対照表,資産の部,流動資産,,,1110030,商品及び製品,1,2023/12/28 23:16,2023/12/28 23:16
貸借対照表,資産の部,流動資産,,,1110031,半製品,1,2023/12/28 23:16,2023/12/28 23:16
貸借対照表,資産の部,流動資産,,,1110032,原料及び材料,1,2023/12/28 23:16,2023/12/28 23:16
貸借対照表,資産の部,流動資産,,,1110033,原材料,1,2023/12/28 23:16,2023/12/28 23:16
貸借対照表,資産の部,流動資産,,,1110034,原材料及び貯蔵品,1,2023/12/28 23:16,2023/12/28 23:16
貸借対照表,資産の部,流動資産,,,1110035,未着原材料,1,2023/12/28 23:16,2023/12/28 23:16
貸借対照表,資産の部,流動資産,,,1110036,未成工事支出金,1,2023/12/28 23:16,2023/12/28 23:16
貸借対照表,資産の部,流動資産,,,1110037,未成工事支出金等,1,2023/12/28 23:16,2023/12/28 23:16
貸借対照表,資産の部,流動資産,,,1110038,仕掛品及び半成工事,1,2023/12/28 23:16,2023/12/28 23:16
貸借対照表,資産の部,流動資産,,,1110039,仕掛品,1,2023/12/28 23:16,2023/12/28 23:16
貸借対照表,資産の部,流動資産,,,1110040,半成工事,1,2023/12/28 23:16,2023/12/28 23:16
貸借対照表,資産の部,流動資産,,,1110041,貯蔵品,1,2023/12/28 23:16,2023/12/28 23:16
貸借対照表,資産の部,流動資産,,,1110042,棚卸不動産,1,2023/12/28 23:16,2023/12/28 23:16
貸借対照表,資産の部,流動資産,,,1110043,販売用不動産,1,2023/12/28 23:16,2023/12/28 23:16
貸借対照表,資産の部,流動資産,,,1110044,仕掛販売用不動産,1,2023/12/28 23:16,2023/12/28 23:16
貸借対照表,資産の部,流動資産,,,1110045,開発事業等支出金,1,2023/12/28 23:16,2023/12/28 23:16
貸借対照表,資産の部,流動資産,,,1110046,不動産事業支出金,1,2023/12/28 23:16,2023/12/28 23:16
貸借対照表,資産の部,流動資産,,,1110047,未成業務支出金,1,2023/12/28 23:16,2023/12/28 23:16
貸借対照表,資産の部,流動資産,,,1110048,分譲土地建物,1,2023/12/28 23:16,2023/12/28 23:16
貸借対照表,資産の部,流動資産,,,1110049,分譲土地,1,2023/12/28 23:16,2023/12/28 23:16
貸借対照表,資産の部,流動資産,,,1110050,前渡金,1,2023/12/28 23:16,2023/12/28 23:16
貸借対照表,資産の部,流動資産,,,1110051,前払金,1,2023/12/28 23:16,2023/12/28 23:16
貸借対照表,資産の部,流動資産,,,1110052,前払費用,1,2023/12/28 23:16,2023/12/28 23:16
貸借対照表,資産の部,流動資産,,,1110053,未収収益,1,2023/12/28 23:16,2023/12/28 23:16
貸借対照表,資産の部,流動資産,,,1110054,未収利息,1,2023/12/28 23:16,2023/12/28 23:16
貸借対照表,資産の部,流動資産,,,1110055,役員短期貸付金,1,2023/12/28 23:16,2023/12/28 23:16
貸借対照表,資産の部,流動資産,,,1110056,短期貸付金,1,2023/12/28 23:16,2023/12/28 23:16
貸借対照表,資産の部,流動資産,,,1110057,関係会社短期貸付金,1,2023/12/28 23:16,2023/12/28 23:16
貸借対照表,資産の部,流動資産,,,1110058,未収入金,1,2023/12/28 23:16,2023/12/28 23:16
貸借対照表,資産の部,流動資産,,,1110059,関係会社未収入金,1,2023/12/28 23:16,2023/12/28 23:16
貸借対照表,資産の部,流動資産,,,1110060,未収消費税等,1,2023/12/28 23:16,2023/12/28 23:16
貸借対照表,資産の部,流動資産,,,1110061,未収還付消費税等,1,2023/12/28 23:16,2023/12/28 23:16
貸借対照表,資産の部,流動資産,,,1110062,未収法人税等,1,2023/12/28 23:16,2023/12/28 23:16
貸借対照表,資産の部,流動資産,,,1110063,未収還付法人税等,1,2023/12/28 23:16,2023/12/28 23:16
貸借対照表,資産の部,流動資産,,,1110064,営業外受取手形,1,2023/12/28 23:16,2023/12/28 23:16
貸借対照表,資産の部,流動資産,,,1110065,営業外電子記録債権,1,2023/12/28 23:16,2023/12/28 23:16
貸借対照表,資産の部,流動資産,,,1110066,１年内回収予定の長期貸付金,1,2023/12/28 23:16,2023/12/28 23:16
貸借対照表,資産の部,流動資産,,,1110067,１年内回収予定の関係会社長期貸付金,1,2023/12/28 23:16,2023/12/28 23:16
貸借対照表,資産の部,流動資産,,,1110068,１年内回収予定の差入保証金,1,2023/12/28 23:16,2023/12/28 23:16
貸借対照表,資産の部,流動資産,,,1110069,関係会社預け金,1,2023/12/28 23:16,2023/12/28 23:16
貸借対照表,資産の部,流動資産,,,1110070,関係会社短期債権,1,2023/12/28 23:16,2023/12/28 23:16
貸借対照表,資産の部,流動資産,,,1110071,金銭債権信託受益権,1,2023/12/28 23:16,2023/12/28 23:16
貸借対照表,資産の部,流動資産,,,1110072,仮払金,1,2023/12/28 23:16,2023/12/28 23:16
貸借対照表,資産の部,流動資産,,,1110073,仮払消費税,1,2023/12/28 23:16,2023/12/28 23:16
貸借対照表,資産の部,流動資産,,,1110074,仮払消費税等,1,2023/12/28 23:16,2023/12/28 23:16
貸借対照表,資産の部,流動資産,,,1110075,預け金,1,2023/12/28 23:16,2023/12/28 23:16
貸借対照表,資産の部,流動資産,,,1110076,リース債権,1,2023/12/28 23:16,2023/12/28 23:16
貸借対照表,資産の部,流動資産,,,1110077,リース債権及びリース投資資産,1,2023/12/28 23:16,2023/12/28 23:16
貸借対照表,資産の部,流動資産,,,1110078,信用保証割賦売掛金,1,2023/12/28 23:16,2023/12/28 23:16
貸借対照表,資産の部,流動資産,,,1110079,貸借取引貸付金,1,2023/12/28 23:16,2023/12/28 23:16
貸借対照表,資産の部,流動資産,,,1110080,借入有価証券代り金,1,2023/12/28 23:16,2023/12/28 23:16
貸借対照表,資産の部,流動資産,,,1110081,買取債権,1,2023/12/28 23:16,2023/12/28 23:16
貸借対照表,資産の部,固定資産,有形固定資産,,1121001,建物,1,2023/12/28 23:16,2023/12/28 23:16
貸借対照表,資産の部,固定資産,有形固定資産,,1121002,建物附属設備,1,2023/12/28 23:16,2023/12/28 23:16
貸借対照表,資産の部,固定資産,有形固定資産,,1121003,構築物,1,2023/12/28 23:16,2023/12/28 23:16
貸借対照表,資産の部,固定資産,有形固定資産,,1121004,建物及び構築物,1,2023/12/28 23:16,2023/12/28 23:16
貸借対照表,資産の部,固定資産,有形固定資産,,1121005,機械及び装置,1,2023/12/28 23:16,2023/12/28 23:16
貸借対照表,資産の部,固定資産,有形固定資産,,1121006,船舶及び水上運搬具,1,2023/12/28 23:16,2023/12/28 23:16
貸借対照表,資産の部,固定資産,有形固定資産,,1121007,船舶,1,2023/12/28 23:16,2023/12/28 23:16
貸借対照表,資産の部,固定資産,有形固定資産,,1121008,車両運搬具,1,2023/12/28 23:16,2023/12/28 23:16
貸借対照表,資産の部,固定資産,有形固定資産,,1121009,工具器具備品,1,2023/12/28 23:16,2023/12/28 23:16
貸借対照表,資産の部,固定資産,有形固定資産,,1121010,機械装置,1,2023/12/28 23:16,2023/12/28 23:16
貸借対照表,資産の部,固定資産,有形固定資産,,1121011,工具、器具及び備品,1,2023/12/28 23:16,2023/12/28 23:16
貸借対照表,資産の部,固定資産,有形固定資産,,1121012,機械装置及び運搬具,1,2023/12/28 23:16,2023/12/28 23:16
貸借対照表,資産の部,固定資産,有形固定資産,,1121013,車両運搬具及び工具器具備品,1,2023/12/28 23:16,2023/12/28 23:16
貸借対照表,資産の部,固定資産,有形固定資産,,1121014,機械、運搬具及び工具器具備品,1,2023/12/28 23:16,2023/12/28 23:16
貸借対照表,資産の部,固定資産,有形固定資産,,1121015,土地,1,2023/12/28 23:16,2023/12/28 23:16
貸借対照表,資産の部,固定資産,有形固定資産,,1121016,リース資産,1,2023/12/28 23:16,2023/12/28 23:16
貸借対照表,資産の部,固定資産,有形固定資産,,1121017,建設仮勘定,1,2023/12/28 23:16,2023/12/28 23:16
貸借対照表,資産の部,固定資産,有形固定資産,,1121018,航空機,1,2023/12/28 23:16,2023/12/28 23:16
貸借対照表,資産の部,固定資産,有形固定資産,,1121019,山林,1,2023/12/28 23:16,2023/12/28 23:16
貸借対照表,資産の部,固定資産,有形固定資産,,1121020,貸与資産,1,2023/12/28 23:16,2023/12/28 23:16
貸借対照表,資産の部,固定資産,有形固定資産,,1121021,賃貸不動産,1,2023/12/28 23:16,2023/12/28 23:16
貸借対照表,資産の部,固定資産,有形固定資産,,1121022,立木,1,2023/12/28 23:16,2023/12/28 23:16
貸借対照表,資産の部,固定資産,有形固定資産,,1121023,ドック船台,1,2023/12/28 23:16,2023/12/28 23:16
貸借対照表,資産の部,固定資産,有形固定資産,,1121024,使用権資産,1,2023/12/28 23:16,2023/12/28 23:16
貸借対照表,資産の部,固定資産,有形固定資産,,1121025,減価償却累計額,1,2023/12/28 23:16,2023/12/28 23:16
貸借対照表,資産の部,固定資産,有形固定資産,,1121026,減損損失累計額,1,2023/12/28 23:16,2023/12/28 23:16
貸借対照表,資産の部,固定資産,有形固定資産,,1121027,減価償却累計額及び減損損失累計額,1,2023/12/28 23:16,2023/12/28 23:16
貸借対照表,資産の部,固定資産,無形固定資産,,1122001,特許権,1,2023/12/28 23:16,2023/12/28 23:16
貸借対照表,資産の部,固定資産,無形固定資産,,1122002,借地権,1,2023/12/28 23:16,2023/12/28 23:16
貸借対照表,資産の部,固定資産,無形固定資産,,1122003,地上権,1,2023/12/28 23:16,2023/12/28 23:16
貸借対照表,資産の部,固定資産,無形固定資産,,1122004,商標権,1,2023/12/28 23:16,2023/12/28 23:16
貸借対照表,資産の部,固定資産,無形固定資産,,1122005,実用新案権,1,2023/12/28 23:16,2023/12/28 23:16
貸借対照表,資産の部,固定資産,無形固定資産,,1122006,意匠権,1,2023/12/28 23:16,2023/12/28 23:16
貸借対照表,資産の部,固定資産,無形固定資産,,1122007,鉱業権,1,2023/12/28 23:16,2023/12/28 23:16
貸借対照表,資産の部,固定資産,無形固定資産,,1122008,漁業権,1,2023/12/28 23:16,2023/12/28 23:16
貸借対照表,資産の部,固定資産,無形固定資産,,1122009,入漁権,1,2023/12/28 23:16,2023/12/28 23:16
貸借対照表,資産の部,固定資産,無形固定資産,,1122010,ソフトウエア,1,2023/12/28 23:16,2023/12/28 23:16
貸借対照表,資産の部,固定資産,無形固定資産,,1122011,ソフトウェア,1,2023/12/28 23:16,2023/12/28 23:16
貸借対照表,資産の部,固定資産,無形固定資産,,1122012,ソフトウエア仮勘定,1,2023/12/28 23:16,2023/12/28 23:16
貸借対照表,資産の部,固定資産,無形固定資産,,1122013,ソフトウェア仮勘定,1,2023/12/28 23:16,2023/12/28 23:16
貸借対照表,資産の部,固定資産,無形固定資産,,1122014,のれん,1,2023/12/28 23:16,2023/12/28 23:16
貸借対照表,資産の部,固定資産,無形固定資産,,1122015,公共施設等運営権,1,2023/12/28 23:16,2023/12/28 23:16
貸借対照表,資産の部,固定資産,無形固定資産,,1122016,施設利用権,1,2023/12/28 23:16,2023/12/28 23:16
貸借対照表,資産の部,固定資産,無形固定資産,,1122017,電話加入権,1,2023/12/28 23:16,2023/12/28 23:16
貸借対照表,資産の部,固定資産,無形固定資産,,1122018,電気供給施設利用権,1,2023/12/28 23:16,2023/12/28 23:16
貸借対照表,資産の部,固定資産,無形固定資産,,1122019,電気通信施設利用権,1,2023/12/28 23:16,2023/12/28 23:16
貸借対照表,資産の部,固定資産,無形固定資産,,1122020,電信電話専用施設利用権,1,2023/12/28 23:16,2023/12/28 23:16
貸借対照表,資産の部,固定資産,無形固定資産,,1122021,公共施設利用権,1,2023/12/28 23:16,2023/12/28 23:16
貸借対照表,資産の部,固定資産,無形固定資産,,1122022,水道施設利用権,1,2023/12/28 23:16,2023/12/28 23:16
貸借対照表,資産の部,固定資産,無形固定資産,,1122023,その他の施設利用権,1,2023/12/28 23:16,2023/12/28 23:16
貸借対照表,資産の部,固定資産,無形固定資産,,1122024,工業所有権,1,2023/12/28 23:16,2023/12/28 23:16
貸借対照表,資産の部,固定資産,無形固定資産,,1122025,借家権,1,2023/12/28 23:16,2023/12/28 23:16
貸借対照表,資産の部,固定資産,無形固定資産,,1122026,特許実施権,1,2023/12/28 23:16,2023/12/28 23:16
貸借対照表,資産の部,固定資産,無形固定資産,,1122027,顧客関連資産,1,2023/12/28 23:16,2023/12/28 23:16
貸借対照表,資産の部,固定資産,無形固定資産,,1122028,水利権,1,2023/12/28 23:16,2023/12/28 23:16
貸借対照表,資産の部,固定資産,無形固定資産,,1122029,版権,1,2023/12/28 23:16,2023/12/28 23:16
貸借対照表,資産の部,固定資産,無形固定資産,,1122030,著作権,1,2023/12/28 23:16,2023/12/28 23:16
貸借対照表,資産の部,固定資産,投資その他の資産,,1123001,投資有価証券,1,2023/12/28 23:16,2023/12/28 23:16
貸借対照表,資産の部,固定資産,投資その他の資産,,1123002,関係会社株式,1,2023/12/28 23:16,2023/12/28 23:16
貸借対照表,資産の部,固定資産,投資その他の資産,,1123003,関係会社社債,1,2023/12/28 23:16,2023/12/28 23:16
貸借対照表,資産の部,固定資産,投資その他の資産,,1123004,出資金,1,2023/12/28 23:16,2023/12/28 23:16
貸借対照表,資産の部,固定資産,投資その他の資産,,1123005,関係会社出資金,1,2023/12/28 23:16,2023/12/28 23:16
貸借対照表,資産の部,固定資産,投資その他の資産,,1123006,営業出資金,1,2023/12/28 23:16,2023/12/28 23:16
貸借対照表,資産の部,固定資産,投資その他の資産,,1123007,匿名組合出資金,1,2023/12/28 23:16,2023/12/28 23:16
貸借対照表,資産の部,固定資産,投資その他の資産,,1123008,長期貸付金,1,2023/12/28 23:16,2023/12/28 23:16
貸借対照表,資産の部,固定資産,投資その他の資産,,1123009,関係会社長期貸付金,1,2023/12/28 23:16,2023/12/28 23:16
貸借対照表,資産の部,固定資産,投資その他の資産,,1123010,役員貸付金,1,2023/12/28 23:16,2023/12/28 23:16
貸借対照表,資産の部,固定資産,投資その他の資産,,1123011,親会社株式,1,2023/12/28 23:16,2023/12/28 23:16
貸借対照表,資産の部,固定資産,投資その他の資産,,1123012,破産更生債権等,1,2023/12/28 23:16,2023/12/28 23:16
貸借対照表,資産の部,固定資産,投資その他の資産,,1123013,長期前払費用,1,2023/12/28 23:16,2023/12/28 23:16
貸借対照表,資産の部,固定資産,投資その他の資産,,1123014,長期前払消費税等,1,2023/12/28 23:16,2023/12/28 23:16
貸借対照表,資産の部,固定資産,投資その他の資産,,1123015,前払年金費用,1,2023/12/28 23:16,2023/12/28 23:16
貸借対照表,資産の部,固定資産,投資その他の資産,,1123016,退職給付に係る資産,1,2023/12/28 23:16,2023/12/28 23:16
貸借対照表,資産の部,固定資産,投資その他の資産,,1123017,繰延税金資産,1,2023/12/28 23:16,2023/12/28 23:16
貸借対照表,資産の部,固定資産,投資その他の資産,,1123018,再評価に係る繰延税金資産,1,2023/12/28 23:16,2023/12/28 23:16
貸借対照表,資産の部,固定資産,投資その他の資産,,1123019,投資不動産,1,2023/12/28 23:16,2023/12/28 23:16
貸借対照表,資産の部,固定資産,投資その他の資産,,1123020,不動産信託受益権,1,2023/12/28 23:16,2023/12/28 23:16
貸借対照表,資産の部,固定資産,投資その他の資産,,1123021,信託土地,1,2023/12/28 23:16,2023/12/28 23:16
貸借対照表,資産の部,固定資産,投資その他の資産,,1123022,信託建物,1,2023/12/28 23:16,2023/12/28 23:16
貸借対照表,資産の部,固定資産,投資その他の資産,,1123023,リース投資資産,1,2023/12/28 23:16,2023/12/28 23:16
貸借対照表,資産の部,固定資産,投資その他の資産,,1123024,デリバティブ債権,1,2023/12/28 23:16,2023/12/28 23:16
貸借対照表,資産の部,固定資産,投資その他の資産,,1123025,長期預け金,1,2023/12/28 23:16,2023/12/28 23:16
貸借対照表,資産の部,固定資産,投資その他の資産,,1123026,長期預金,1,2023/12/28 23:16,2023/12/28 23:16
貸借対照表,資産の部,固定資産,投資その他の資産,,1123027,保険積立金,1,2023/12/28 23:16,2023/12/28 23:16
貸借対照表,資産の部,固定資産,投資その他の資産,,1123028,生命保険積立金,1,2023/12/28 23:16,2023/12/28 23:16
貸借対照表,資産の部,固定資産,投資その他の資産,,1123029,団体生命保険金,1,2023/12/28 23:16,2023/12/28 23:16
貸借対照表,資産の部,固定資産,投資その他の資産,,1123030,会員権,1,2023/12/28 23:16,2023/12/28 23:16
貸借対照表,資産の部,固定資産,投資その他の資産,,1123031,ゴルフ会員権,1,2023/12/28 23:16,2023/12/28 23:16
貸借対照表,資産の部,固定資産,投資その他の資産,,1123032,施設利用会員権,1,2023/12/28 23:16,2023/12/28 23:16
貸借対照表,資産の部,固定資産,投資その他の資産,,1123033,差入保証金,1,2023/12/28 23:16,2023/12/28 23:16
貸借対照表,資産の部,固定資産,投資その他の資産,,1123034,関係会社長期未収入金,1,2023/12/28 23:16,2023/12/28 23:16
貸借対照表,資産の部,固定資産,投資その他の資産,,1123035,敷金,1,2023/12/28 23:16,2023/12/28 23:16
貸借対照表,資産の部,固定資産,投資その他の資産,,1123036,敷金及び保証金,1,2023/12/28 23:16,2023/12/28 23:16
貸借対照表,資産の部,固定資産,投資その他の資産,,1123037,預託金,1,2023/12/28 23:16,2023/12/28 23:16
貸借対照表,資産の部,固定資産,投資その他の資産,,1123038,固定化営業債権,1,2023/12/28 23:16,2023/12/28 23:16
貸借対照表,資産の部,固定資産,投資その他の資産,,1123039,事業保険積立金,1,2023/12/28 23:16,2023/12/28 23:16
貸借対照表,資産の部,固定資産,投資その他の資産,,1123040,事業保険金,1,2023/12/28 23:16,2023/12/28 23:16
貸借対照表,資産の部,固定資産,投資その他の資産,,1123041,入会金,1,2023/12/28 23:16,2023/12/28 23:16
貸借対照表,資産の部,固定資産,投資その他の資産,,1123042,入会保証金,1,2023/12/28 23:16,2023/12/28 23:16
貸借対照表,資産の部,固定資産,投資その他の資産,,1123043,信託受益権,1,2023/12/28 23:16,2023/12/28 23:16
貸借対照表,資産の部,固定資産,投資その他の資産,,1123044,長期営業外未収入金,1,2023/12/28 23:16,2023/12/28 23:16
貸借対照表,資産の部,固定資産,投資その他の資産,,1123045,長期未収入金,1,2023/12/28 23:16,2023/12/28 23:16
貸借対照表,資産の部,固定資産,投資その他の資産,,1123046,建設協力金,1,2023/12/28 23:16,2023/12/28 23:16
貸借対照表,資産の部,固定資産,投資その他の資産,,1123047,店舗賃借仮勘定,1,2023/12/28 23:16,2023/12/28 23:16
貸借対照表,資産の部,固定資産,投資その他の資産,,1123048,役員退職積立金,1,2023/12/28 23:16,2023/12/28 23:16
貸借対照表,資産の部,固定資産,投資その他の資産,,1123049,投資損失引当金,1,2023/12/28 23:16,2023/12/28 23:16
貸借対照表,資産の部,固定資産,繰延資産,,1124001,創立費,1,2023/12/28 23:16,2023/12/28 23:16
貸借対照表,資産の部,固定資産,繰延資産,,1124002,開業費,1,2023/12/28 23:16,2023/12/28 23:16
貸借対照表,資産の部,固定資産,繰延資産,,1124003,株式交付費,1,2023/12/28 23:16,2023/12/28 23:16
貸借対照表,資産の部,固定資産,繰延資産,,1124004,社債発行費,1,2023/12/28 23:16,2023/12/28 23:16
貸借対照表,資産の部,固定資産,繰延資産,,1124005,開発費,1,2023/12/28 23:16,2023/12/28 23:16
貸借対照表,資産の部,固定資産,繰延資産,,1124006,繰延資産,1,2023/12/28 23:16,2023/12/28 23:16
貸借対照表,負債の部,流動負債,,,1210001,支払手形及び買掛金,-1,2023/12/28 23:16,2023/12/28 23:16
貸借対照表,負債の部,流動負債,,,1210002,支払手形,-1,2023/12/28 23:16,2023/12/28 23:16
貸借対照表,負債の部,流動負債,,,1210003,買掛金,-1,2023/12/28 23:16,2023/12/28 23:16
貸借対照表,負債の部,流動負債,,,1210004,工事未払金,-1,2023/12/28 23:16,2023/12/28 23:16
貸借対照表,負債の部,流動負債,,,1210005,営業未払金,-1,2023/12/28 23:16,2023/12/28 23:16
貸借対照表,負債の部,流動負債,,,1210006,支払手形及び営業未払金,-1,2023/12/28 23:16,2023/12/28 23:16
貸借対照表,負債の部,流動負債,,,1210007,支払手形・工事未払金等,-1,2023/12/28 23:16,2023/12/28 23:16
貸借対照表,負債の部,流動負債,,,1210008,支払手形・工事未払金,-1,2023/12/28 23:16,2023/12/28 23:16
貸借対照表,負債の部,流動負債,,,1210009,電子記録債務,-1,2023/12/28 23:16,2023/12/28 23:16
貸借対照表,負債の部,流動負債,,,1210010,業務未払金,-1,2023/12/28 23:16,2023/12/28 23:16
貸借対照表,負債の部,流動負債,,,1210011,受託販売未払金,-1,2023/12/28 23:16,2023/12/28 23:16
貸借対照表,負債の部,流動負債,,,1210012,不動産事業未払金,-1,2023/12/28 23:16,2023/12/28 23:16
貸借対照表,負債の部,流動負債,,,1210013,加盟店借勘定,-1,2023/12/28 23:16,2023/12/28 23:16
貸借対照表,負債の部,流動負債,,,1210014,商品券,-1,2023/12/28 23:16,2023/12/28 23:16
貸借対照表,負債の部,流動負債,,,1210015,未成工事受入金,-1,2023/12/28 23:16,2023/12/28 23:16
貸借対照表,負債の部,流動負債,,,1210016,未成業務受入金,-1,2023/12/28 23:16,2023/12/28 23:16
貸借対照表,負債の部,流動負債,,,1210017,不動産事業受入金,-1,2023/12/28 23:16,2023/12/28 23:16
貸借対照表,負債の部,流動負債,,,1210018,未払金及び未払費用,-1,2023/12/28 23:16,2023/12/28 23:16
貸借対照表,負債の部,流動負債,,,1210019,未払費用,-1,2023/12/28 23:16,2023/12/28 23:16
貸借対照表,負債の部,流動負債,,,1210020,契約負債,-1,2023/12/28 23:16,2023/12/28 23:16
貸借対照表,負債の部,流動負債,,,1210021,前受金,-1,2023/12/28 23:16,2023/12/28 23:16
貸借対照表,負債の部,流動負債,,,1210022,前受工事負担金,-1,2023/12/28 23:16,2023/12/28 23:16
貸借対照表,負債の部,流動負債,,,1210023,前受収益,-1,2023/12/28 23:16,2023/12/28 23:16
貸借対照表,負債の部,流動負債,,,1210024,賞与引当金,-1,2023/12/28 23:16,2023/12/28 23:16
貸借対照表,負債の部,流動負債,,,1210025,役員賞与引当金,-1,2023/12/28 23:16,2023/12/28 23:16
貸借対照表,負債の部,流動負債,,,1210026,株主優待引当金,-1,2023/12/28 23:16,2023/12/28 23:16
貸借対照表,負債の部,流動負債,,,1210027,売上割戻引当金,-1,2023/12/28 23:16,2023/12/28 23:16
貸借対照表,負債の部,流動負債,,,1210028,工事損失引当金,-1,2023/12/28 23:16,2023/12/28 23:16
貸借対照表,負債の部,流動負債,,,1210029,完成工事補償引当金,-1,2023/12/28 23:16,2023/12/28 23:16
貸借対照表,負債の部,流動負債,,,1210030,店舗閉鎖損失引当金,-1,2023/12/28 23:16,2023/12/28 23:16
貸借対照表,負債の部,流動負債,,,1210031,販売促進引当金,-1,2023/12/28 23:16,2023/12/28 23:16
貸借対照表,負債の部,流動負債,,,1210032,返品調整引当金,-1,2023/12/28 23:16,2023/12/28 23:16
貸借対照表,負債の部,流動負債,,,1210033,受注損失引当金,-1,2023/12/28 23:16,2023/12/28 23:16
貸借対照表,負債の部,流動負債,,,1210034,受注工事損失引当金,-1,2023/12/28 23:16,2023/12/28 23:16
貸借対照表,負債の部,流動負債,,,1210035,船舶保証工事引当金,-1,2023/12/28 23:16,2023/12/28 23:16
貸借対照表,負債の部,流動負債,,,1210036,保証工事引当金,-1,2023/12/28 23:16,2023/12/28 23:16
貸借対照表,負債の部,流動負債,,,1210037,未払金,-1,2023/12/28 23:16,2023/12/28 23:16
貸借対照表,負債の部,流動負債,,,1210038,未払法人税等,-1,2023/12/28 23:16,2023/12/28 23:16
貸借対照表,負債の部,流動負債,,,1210039,未払事業所税,-1,2023/12/28 23:16,2023/12/28 23:16
貸借対照表,負債の部,流動負債,,,1210040,未払消費税等,-1,2023/12/28 23:16,2023/12/28 23:16
貸借対照表,負債の部,流動負債,,,1210041,未払税金,-1,2023/12/28 23:16,2023/12/28 23:16
貸借対照表,負債の部,流動負債,,,1210042,未払酒税,-1,2023/12/28 23:16,2023/12/28 23:16
貸借対照表,負債の部,流動負債,,,1210043,預り金,-1,2023/12/28 23:16,2023/12/28 23:16
貸借対照表,負債の部,流動負債,,,1210044,関係会社預り金,-1,2023/12/28 23:16,2023/12/28 23:16
貸借対照表,負債の部,流動負債,,,1210045,未払代理店手数料,-1,2023/12/28 23:16,2023/12/28 23:16
貸借対照表,負債の部,流動負債,,,1210046,１年内返還予定の預り保証金,-1,2023/12/28 23:16,2023/12/28 23:16
貸借対照表,負債の部,流動負債,,,1210047,設備関係支払手形,-1,2023/12/28 23:16,2023/12/28 23:16
貸借対照表,負債の部,流動負債,,,1210048,設備関係電子記録債務,-1,2023/12/28 23:16,2023/12/28 23:16
貸借対照表,負債の部,流動負債,,,1210049,設備関係未払金,-1,2023/12/28 23:16,2023/12/28 23:16
貸借対照表,負債の部,流動負債,,,1210050,営業外支払手形,-1,2023/12/28 23:16,2023/12/28 23:16
貸借対照表,負債の部,流動負債,,,1210051,営業外電子記録債務,-1,2023/12/28 23:16,2023/12/28 23:16
貸借対照表,負債の部,流動負債,,,1210052,短期社債,-1,2023/12/28 23:16,2023/12/28 23:16
貸借対照表,負債の部,流動負債,,,1210053,短期借入金,-1,2023/12/28 23:16,2023/12/28 23:16
貸借対照表,負債の部,流動負債,,,1210054,関係会社短期借入金,-1,2023/12/28 23:16,2023/12/28 23:16
貸借対照表,負債の部,流動負債,,,1210055,コマーシャル・ペーパー,-1,2023/12/28 23:16,2023/12/28 23:16
貸借対照表,負債の部,流動負債,,,1210056,１年内償還予定の社債,-1,2023/12/28 23:16,2023/12/28 23:16
貸借対照表,負債の部,流動負債,,,1210057,１年内返済予定の長期借入金,-1,2023/12/28 23:16,2023/12/28 23:16
貸借対照表,負債の部,流動負債,,,1210058,１年内返済予定の関係会社長期借入金,-1,2023/12/28 23:16,2023/12/28 23:16
貸借対照表,負債の部,流動負債,,,1210059,１年内償還予定の転換社債,-1,2023/12/28 23:16,2023/12/28 23:16
貸借対照表,負債の部,流動負債,,,1210060,１年内償還予定の新株予約権付社債,-1,2023/12/28 23:16,2023/12/28 23:16
貸借対照表,負債の部,流動負債,,,1210061,仮受金,-1,2023/12/28 23:16,2023/12/28 23:16
貸借対照表,負債の部,流動負債,,,1210062,仮受消費税,-1,2023/12/28 23:16,2023/12/28 23:16
貸借対照表,負債の部,流動負債,,,1210063,仮受消費税等,-1,2023/12/28 23:16,2023/12/28 23:16
貸借対照表,負債の部,流動負債,,,1210064,未払賞与,-1,2023/12/28 23:16,2023/12/28 23:16
貸借対照表,負債の部,流動負債,,,1210065,未払役員報酬,-1,2023/12/28 23:16,2023/12/28 23:16
貸借対照表,負債の部,流動負債,,,1210066,未払配当金,-1,2023/12/28 23:16,2023/12/28 23:16
貸借対照表,負債の部,流動負債,,,1210067,役員短期借入金,-1,2023/12/28 23:16,2023/12/28 23:16
貸借対照表,負債の部,流動負債,,,1210068,従業員預り金,-1,2023/12/28 23:16,2023/12/28 23:16
貸借対照表,負債の部,流動負債,,,1210069,圧縮未決算特別勘定,-1,2023/12/28 23:16,2023/12/28 23:16
貸借対照表,負債の部,流動負債,,,1210070,リース資産減損勘定,-1,2023/12/28 23:16,2023/12/28 23:16
貸借対照表,負債の部,流動負債,,,1210071,割賦利益繰延,-1,2023/12/28 23:16,2023/12/28 23:16
貸借対照表,負債の部,流動負債,,,1210072,信用保証買掛金,-1,2023/12/28 23:16,2023/12/28 23:16
貸借対照表,負債の部,流動負債,,,1210073,貸借取引担保金,-1,2023/12/28 23:16,2023/12/28 23:16
貸借対照表,負債の部,流動負債,,,1210074,貸付有価証券代り金,-1,2023/12/28 23:16,2023/12/28 23:16
貸借対照表,負債の部,固定負債,,,1220001,社債,-1,2023/12/28 23:16,2023/12/28 23:16
貸借対照表,負債の部,固定負債,,,1220002,転換社債,-1,2023/12/28 23:16,2023/12/28 23:16
貸借対照表,負債の部,固定負債,,,1220003,転換社債型新株予約権付社債,-1,2023/12/28 23:16,2023/12/28 23:16
貸借対照表,負債の部,固定負債,,,1220004,新株予約権付社債,-1,2023/12/28 23:16,2023/12/28 23:16
貸借対照表,負債の部,固定負債,,,1220005,長期借入金,-1,2023/12/28 23:16,2023/12/28 23:16
貸借対照表,負債の部,固定負債,,,1220006,役員長期借入金,-1,2023/12/28 23:16,2023/12/28 23:16
貸借対照表,負債の部,固定負債,,,1220007,関係会社長期借入金,-1,2023/12/28 23:16,2023/12/28 23:16
貸借対照表,負債の部,固定負債,,,1220008,退職給付引当金,-1,2023/12/28 23:16,2023/12/28 23:16
貸借対照表,負債の部,固定負債,,,1220009,役員退職慰労引当金,-1,2023/12/28 23:16,2023/12/28 23:16
貸借対照表,負債の部,固定負債,,,1220010,債務保証損失引当金,-1,2023/12/28 23:16,2023/12/28 23:16
貸借対照表,負債の部,固定負債,,,1220011,ポイント引当金,-1,2023/12/28 23:16,2023/12/28 23:16
貸借対照表,負債の部,固定負債,,,1220012,特別修繕引当金,-1,2023/12/28 23:16,2023/12/28 23:16
貸借対照表,負債の部,固定負債,,,1220013,修繕引当金,-1,2023/12/28 23:16,2023/12/28 23:16
貸借対照表,負債の部,固定負債,,,1220014,製品保証引当金,-1,2023/12/28 23:16,2023/12/28 23:16
貸借対照表,負債の部,固定負債,,,1220015,関係会社整理損失引当金,-1,2023/12/28 23:16,2023/12/28 23:16
貸借対照表,負債の部,固定負債,,,1220016,事業整理損失引当金,-1,2023/12/28 23:16,2023/12/28 23:16
貸借対照表,負債の部,固定負債,,,1220017,関係会社事業損失引当金,-1,2023/12/28 23:16,2023/12/28 23:16
貸借対照表,負債の部,固定負債,,,1220018,事業構造改善引当金,-1,2023/12/28 23:16,2023/12/28 23:16
貸借対照表,負債の部,固定負債,,,1220019,環境対策引当金,-1,2023/12/28 23:16,2023/12/28 23:16
貸借対照表,負債の部,固定負債,,,1220020,訴訟損失引当金,-1,2023/12/28 23:16,2023/12/28 23:16
貸借対照表,負債の部,固定負債,,,1220021,利息返還損失引当金,-1,2023/12/28 23:16,2023/12/28 23:16
貸借対照表,負債の部,固定負債,,,1220022,偶発損失引当金,-1,2023/12/28 23:16,2023/12/28 23:16
貸借対照表,負債の部,固定負債,,,1220023,災害損失引当金,-1,2023/12/28 23:16,2023/12/28 23:16
貸借対照表,負債の部,固定負債,,,1220024,株式給付引当金,-1,2023/12/28 23:16,2023/12/28 23:16
貸借対照表,負債の部,固定負債,,,1220025,役員株式給付引当金,-1,2023/12/28 23:16,2023/12/28 23:16
貸借対照表,負債の部,固定負債,,,1220026,株式報酬引当金,-1,2023/12/28 23:16,2023/12/28 23:16
貸借対照表,負債の部,固定負債,,,1220027,その他の引当金,-1,2023/12/28 23:16,2023/12/28 23:16
貸借対照表,負債の部,固定負債,,,1220028,引当金,-1,2023/12/28 23:16,2023/12/28 23:16
貸借対照表,負債の部,固定負債,,,1220029,退職給付に係る負債,-1,2023/12/28 23:16,2023/12/28 23:16
貸借対照表,負債の部,固定負債,,,1220030,負ののれん,-1,2023/12/28 23:16,2023/12/28 23:16
貸借対照表,負債の部,固定負債,,,1220031,リース債務,-1,2023/12/28 23:16,2023/12/28 23:16
貸借対照表,負債の部,固定負債,,,1220032,資産除去債務,-1,2023/12/28 23:16,2023/12/28 23:16
貸借対照表,負債の部,固定負債,,,1220033,公共施設等運営権に係る負債,-1,2023/12/28 23:16,2023/12/28 23:16
貸借対照表,負債の部,固定負債,,,1220034,受入保証金,-1,2023/12/28 23:16,2023/12/28 23:16
貸借対照表,負債の部,固定負債,,,1220035,預り保証金,-1,2023/12/28 23:16,2023/12/28 23:16
貸借対照表,負債の部,固定負債,,,1220036,長期預り金,-1,2023/12/28 23:16,2023/12/28 23:16
貸借対照表,負債の部,固定負債,,,1220037,会員預り金,-1,2023/12/28 23:16,2023/12/28 23:16
貸借対照表,負債の部,固定負債,,,1220038,長期割賦未払金,-1,2023/12/28 23:16,2023/12/28 23:16
貸借対照表,負債の部,固定負債,,,1220039,受入敷金保証金,-1,2023/12/28 23:16,2023/12/28 23:16
貸借対照表,負債の部,固定負債,,,1220040,長期設備関係支払手形,-1,2023/12/28 23:16,2023/12/28 23:16
貸借対照表,負債の部,固定負債,,,1220041,長期設備関係未払金,-1,2023/12/28 23:16,2023/12/28 23:16
貸借対照表,負債の部,固定負債,,,1220042,長期前受金,-1,2023/12/28 23:16,2023/12/28 23:16
貸借対照表,負債の部,固定負債,,,1220043,長期前受工事負担金,-1,2023/12/28 23:16,2023/12/28 23:16
貸借対照表,負債の部,固定負債,,,1220044,長期預り敷金,-1,2023/12/28 23:16,2023/12/28 23:16
貸借対照表,負債の部,固定負債,,,1220045,長期預り敷金保証金,-1,2023/12/28 23:16,2023/12/28 23:16
貸借対照表,負債の部,固定負債,,,1220046,長期預り保証金,-1,2023/12/28 23:16,2023/12/28 23:16
貸借対照表,負債の部,固定負債,,,1220047,保険契約準備金,-1,2023/12/28 23:16,2023/12/28 23:16
貸借対照表,負債の部,固定負債,,,1220048,長期未払金,-1,2023/12/28 23:16,2023/12/28 23:16
貸借対照表,負債の部,固定負債,,,1220049,長期前受収益,-1,2023/12/28 23:16,2023/12/28 23:16
貸借対照表,負債の部,固定負債,,,1220050,デリバティブ債務,-1,2023/12/28 23:16,2023/12/28 23:16
貸借対照表,負債の部,固定負債,,,1220051,長期リース資産減損勘定,-1,2023/12/28 23:16,2023/12/28 23:16
貸借対照表,負債の部,固定負債,,,1220052,繰延税金負債,-1,2023/12/28 23:16,2023/12/28 23:16
貸借対照表,負債の部,固定負債,,,1220053,再評価に係る繰延税金負債,-1,2023/12/28 23:16,2023/12/28 23:16
貸借対照表,負債の部,固定負債,,,1220054,持分法適用に伴う負債,-1,2023/12/28 23:16,2023/12/28 23:16
貸借対照表,負債の部,固定負債,,,1220055,企業結合に係る特定勘定,-1,2023/12/28 23:16,2023/12/28 23:16
貸借対照表,負債の部,固定負債,,,1220056,組織再編により生じた株式の特別勘定,-1,2023/12/28 23:16,2023/12/28 23:16
貸借対照表,純資産の部,株主資本,資本金,,1311001,資本金,-1,2023/12/28 23:16,2023/12/28 23:16
貸借対照表,純資産の部,株主資本,資本金,,1311002,新株式申込証拠金,-1,2023/12/28 23:16,2023/12/28 23:16
貸借対照表,純資産の部,株主資本,資本剰余金,,1312001,資本準備金,-1,2023/12/28 23:16,2023/12/28 23:16
貸借対照表,純資産の部,株主資本,資本剰余金,,1312002,その他資本剰余金,-1,2023/12/28 23:16,2023/12/28 23:16
貸借対照表,純資産の部,株主資本,利益剰余金,利益準備金,1313101,利益準備金,-1,2023/12/28 23:16,2023/12/28 23:16
貸借対照表,純資産の部,株主資本,利益剰余金,その他利益剰余金,1313201,減債積立金,-1,2023/12/28 23:16,2023/12/28 23:16
貸借対照表,純資産の部,株主資本,利益剰余金,その他利益剰余金,1313202,中間配当積立金,-1,2023/12/28 23:16,2023/12/28 23:16
貸借対照表,純資産の部,株主資本,利益剰余金,その他利益剰余金,1313203,配当平均積立金,-1,2023/12/28 23:16,2023/12/28 23:16
貸借対照表,純資産の部,株主資本,利益剰余金,その他利益剰余金,1313204,事業拡張積立金,-1,2023/12/28 23:16,2023/12/28 23:16
貸借対照表,純資産の部,株主資本,利益剰余金,その他利益剰余金,1313205,自家保険積立金,-1,2023/12/28 23:16,2023/12/28 23:16
貸借対照表,純資産の部,株主資本,利益剰余金,その他利益剰余金,1313206,固定資産圧縮積立金,-1,2023/12/28 23:16,2023/12/28 23:16
貸借対照表,純資産の部,株主資本,利益剰余金,その他利益剰余金,1313207,固定資産圧縮特別勘定積立金,-1,2023/12/28 23:16,2023/12/28 23:16
貸借対照表,純資産の部,株主資本,利益剰余金,その他利益剰余金,1313208,特別償却準備金,-1,2023/12/28 23:16,2023/12/28 23:16
貸借対照表,純資産の部,株主資本,利益剰余金,その他利益剰余金,1313209,海外投資等損失準備金,-1,2023/12/28 23:16,2023/12/28 23:16
貸借対照表,純資産の部,株主資本,利益剰余金,その他利益剰余金,1313210,研究開発積立金,-1,2023/12/28 23:16,2023/12/28 23:16
貸借対照表,純資産の部,株主資本,利益剰余金,その他利益剰余金,1313211,配当積立金,-1,2023/12/28 23:16,2023/12/28 23:16
貸借対照表,純資産の部,株主資本,利益剰余金,その他利益剰余金,1313212,配当準備金,-1,2023/12/28 23:16,2023/12/28 23:16
貸借対照表,純資産の部,株主資本,利益剰余金,その他利益剰余金,1313213,配当準備積立金,-1,2023/12/28 23:16,2023/12/28 23:16
貸借対照表,純資産の部,株主資本,利益剰余金,その他利益剰余金,1313214,配当引当積立金,-1,2023/12/28 23:16,2023/12/28 23:16
貸借対照表,純資産の部,株主資本,利益剰余金,その他利益剰余金,1313215,退職給与積立金,-1,2023/12/28 23:16,2023/12/28 23:16
貸借対照表,純資産の部,株主資本,利益剰余金,その他利益剰余金,1313216,退職積立金,-1,2023/12/28 23:16,2023/12/28 23:16
貸借対照表,純資産の部,株主資本,利益剰余金,その他利益剰余金,1313217,退職手当積立金,-1,2023/12/28 23:16,2023/12/28 23:16
貸借対照表,純資産の部,株主資本,利益剰余金,その他利益剰余金,1313218,退職慰労積立金,-1,2023/12/28 23:16,2023/12/28 23:16
貸借対照表,純資産の部,株主資本,利益剰余金,その他利益剰余金,1313219,圧縮記帳積立金,-1,2023/12/28 23:16,2023/12/28 23:16
貸借対照表,純資産の部,株主資本,利益剰余金,その他利益剰余金,1313220,圧縮積立金,-1,2023/12/28 23:16,2023/12/28 23:16
貸借対照表,純資産の部,株主資本,利益剰余金,その他利益剰余金,1313221,土地圧縮積立金,-1,2023/12/28 23:16,2023/12/28 23:16
貸借対照表,純資産の部,株主資本,利益剰余金,その他利益剰余金,1313222,建物圧縮積立金,-1,2023/12/28 23:16,2023/12/28 23:16
貸借対照表,純資産の部,株主資本,利益剰余金,その他利益剰余金,1313223,不動産圧縮積立金,-1,2023/12/28 23:16,2023/12/28 23:16
貸借対照表,純資産の部,株主資本,利益剰余金,その他利益剰余金,1313224,資産圧縮積立金,-1,2023/12/28 23:16,2023/12/28 23:16
貸借対照表,純資産の部,株主資本,利益剰余金,その他利益剰余金,1313225,償却資産圧縮積立金,-1,2023/12/28 23:16,2023/12/28 23:16
貸借対照表,純資産の部,株主資本,利益剰余金,その他利益剰余金,1313226,買換資産圧縮積立金,-1,2023/12/28 23:16,2023/12/28 23:16
貸借対照表,純資産の部,株主資本,利益剰余金,その他利益剰余金,1313227,買換資産積立金,-1,2023/12/28 23:16,2023/12/28 23:16
貸借対照表,純資産の部,株主資本,利益剰余金,その他利益剰余金,1313228,特別償却積立金,-1,2023/12/28 23:16,2023/12/28 23:16
貸借対照表,純資産の部,株主資本,利益剰余金,その他利益剰余金,1313229,特別積立金,-1,2023/12/28 23:16,2023/12/28 23:16
貸借対照表,純資産の部,株主資本,利益剰余金,その他利益剰余金,1313230,任意積立金,-1,2023/12/28 23:16,2023/12/28 23:16
貸借対照表,純資産の部,株主資本,利益剰余金,その他利益剰余金,1313231,別途積立金,-1,2023/12/28 23:16,2023/12/28 23:16
貸借対照表,純資産の部,株主資本,利益剰余金,その他利益剰余金,1313232,繰越利益剰余金,-1,2023/12/28 23:16,2023/12/28 23:16
貸借対照表,純資産の部,株主資本,自己株式,,1314001,自己株式,-1,2023/12/28 23:16,2023/12/28 23:16
貸借対照表,純資産の部,株主資本,自己株式,,1314002,自己株式申込証拠金,-1,2023/12/28 23:16,2023/12/28 23:16
貸借対照表,純資産の部,評価・換算差額等,,,1320001,その他有価証券評価差額金,-1,2023/12/28 23:16,2023/12/28 23:16
貸借対照表,純資産の部,評価・換算差額等,,,1320002,繰延ヘッジ損益,-1,2023/12/28 23:16,2023/12/28 23:16
貸借対照表,純資産の部,評価・換算差額等,,,1320003,土地再評価差額金,-1,2023/12/28 23:16,2023/12/28 23:16
貸借対照表,純資産の部,評価・換算差額等,,,1320004,為替換算調整勘定,-1,2023/12/28 23:16,2023/12/28 23:16
貸借対照表,純資産の部,評価・換算差額等,,,1320005,退職給付に係る調整累計額,-1,2023/12/28 23:16,2023/12/28 23:16
貸借対照表,純資産の部,新株予約権,,,1330001,新株予約権,-1,2023/12/28 23:16,2023/12/28 23:16
貸借対照表,純資産の部,新株予約権,,,1330002,自己新株予約権,-1,2023/12/28 23:16,2023/12/28 23:16
貸借対照表,純資産の部,非支配株主持分,,,1340001,非支配株主持分,-1,2023/12/28 23:16,2023/12/28 23:16
損益計算書,売上高,,,,2100001,売上高,-1,2023/12/28 23:16,2023/12/28 23:16
損益計算書,売上高,,,,2100002,顧客との契約から生じる収益,-1,2023/12/28 23:16,2023/12/28 23:16
損益計算書,売上高,,,,2100003,売上収益,-1,2023/12/28 23:16,2023/12/28 23:16
損益計算書,売上高,,,,2100004,営業収益,-1,2023/12/28 23:16,2023/12/28 23:16
損益計算書,売上高,,,,2100005,営業収入,-1,2023/12/28 23:16,2023/12/28 23:16
損益計算書,売上高,,,,2100006,商品売上高,-1,2023/12/28 23:16,2023/12/28 23:16
損益計算書,売上高,,,,2100007,製品売上高,-1,2023/12/28 23:16,2023/12/28 23:16
損益計算書,売上高,,,,2100008,商品及び製品売上高,-1,2023/12/28 23:16,2023/12/28 23:16
損益計算書,売上高,,,,2100009,半製品売上高,-1,2023/12/28 23:16,2023/12/28 23:16
損益計算書,売上高,,,,2100010,作業くず売上高,-1,2023/12/28 23:16,2023/12/28 23:16
損益計算書,売上高,,,,2100011,役務収益,-1,2023/12/28 23:16,2023/12/28 23:16
損益計算書,売上高,,,,2100012,サービス売上高,-1,2023/12/28 23:16,2023/12/28 23:16
損益計算書,売上高,,,,2100013,完成工事高,-1,2023/12/28 23:16,2023/12/28 23:16
損益計算書,売上高,,,,2100014,兼業事業売上高,-1,2023/12/28 23:16,2023/12/28 23:16
損益計算書,売上高,,,,2100015,開発事業等売上高,-1,2023/12/28 23:16,2023/12/28 23:16
損益計算書,売上高,,,,2100016,不動産事業等売上高,-1,2023/12/28 23:16,2023/12/28 23:16
損益計算書,売上高,,,,2100017,不動産売上高,-1,2023/12/28 23:16,2023/12/28 23:16
損益計算書,売上高,,,,2100018,開発事業売上高,-1,2023/12/28 23:16,2023/12/28 23:16
損益計算書,売上高,,,,2100019,不動産事業売上高,-1,2023/12/28 23:16,2023/12/28 23:16
損益計算書,売上高,,,,2100020,賃貸事業売上高,-1,2023/12/28 23:16,2023/12/28 23:16
損益計算書,売上高,,,,2100021,分譲事業売上高,-1,2023/12/28 23:16,2023/12/28 23:16
損益計算書,売上高,,,,2100022,賃貸事業収益,-1,2023/12/28 23:16,2023/12/28 23:16
損益計算書,売上高,,,,2100023,賃貸事業収入,-1,2023/12/28 23:16,2023/12/28 23:16
損益計算書,売上高,,,,2100024,賃貸収入,-1,2023/12/28 23:16,2023/12/28 23:16
損益計算書,売上高,,,,2100025,不動産賃貸収入,-1,2023/12/28 23:16,2023/12/28 23:16
損益計算書,売上高,,,,2100026,不動産収入,-1,2023/12/28 23:16,2023/12/28 23:16
損益計算書,売上高,,,,2100027,手数料収入,-1,2023/12/28 23:16,2023/12/28 23:16
損益計算書,売上高,,,,2100028,加工料収入,-1,2023/12/28 23:16,2023/12/28 23:16
損益計算書,売上高,,,,2100029,ロイヤリティー収入,-1,2023/12/28 23:16,2023/12/28 23:16
損益計算書,売上高,,,,2100030,コンサルティング収入,-1,2023/12/28 23:16,2023/12/28 23:16
損益計算書,売上高,,,,2100031,加盟店からの収入,-1,2023/12/28 23:16,2023/12/28 23:16
損益計算書,売上高,,,,2100032,関係会社受取配当金,-1,2023/12/28 23:16,2023/12/28 23:16
損益計算書,売上高,,,,2100033,関係会社受入手数料,-1,2023/12/28 23:16,2023/12/28 23:16
損益計算書,売上高,,,,2100034,関係会社貸付金利息,-1,2023/12/28 23:16,2023/12/28 23:16
損益計算書,売上高,,,,2100035,経営管理料,-1,2023/12/28 23:16,2023/12/28 23:16
損益計算書,売上高,,,,2100036,商標使用料,-1,2023/12/28 23:16,2023/12/28 23:16
損益計算書,売上高,,,,2100037,資産利用料,-1,2023/12/28 23:16,2023/12/28 23:16
損益計算書,売上高,,,,2100038,完成業務高,-1,2023/12/28 23:16,2023/12/28 23:16
損益計算書,売上高,,,,2100039,工事売上高,-1,2023/12/28 23:16,2023/12/28 23:16
損益計算書,売上高,,,,2100040,ソフトウエア開発売上高,-1,2023/12/28 23:16,2023/12/28 23:16
損益計算書,売上高,,,,2100041,情報サービス売上高,-1,2023/12/28 23:16,2023/12/28 23:16
損益計算書,売上高,,,,2100042,保守売上高,-1,2023/12/28 23:16,2023/12/28 23:16
損益計算書,売上高,,,,2100043,年会費収入,-1,2023/12/28 23:16,2023/12/28 23:16
損益計算書,売上高,,,,2100044,倉庫収入,-1,2023/12/28 23:16,2023/12/28 23:16
損益計算書,売上高,,,,2100045,倉庫保管料,-1,2023/12/28 23:16,2023/12/28 23:16
損益計算書,売上高,,,,2100046,倉庫荷役料,-1,2023/12/28 23:16,2023/12/28 23:16
損益計算書,売上高,,,,2100047,運送収入,-1,2023/12/28 23:16,2023/12/28 23:16
損益計算書,売上高,,,,2100048,運送雑収,-1,2023/12/28 23:16,2023/12/28 23:16
損益計算書,売上高,,,,2100049,制作収入,-1,2023/12/28 23:16,2023/12/28 23:16
損益計算書,売上高,,,,2100050,放送収入,-1,2023/12/28 23:16,2023/12/28 23:16
損益計算書,売上高,,,,2100051,テレビ収入,-1,2023/12/28 23:16,2023/12/28 23:16
損益計算書,売上高,,,,2100052,ラジオ収入,-1,2023/12/28 23:16,2023/12/28 23:16
損益計算書,売上高,,,,2100053,レンタル売上高,-1,2023/12/28 23:16,2023/12/28 23:16
損益計算書,売上高,,,,2100054,受託品売上高,-1,2023/12/28 23:16,2023/12/28 23:16
損益計算書,売上高,,,,2100055,買付品売上高,-1,2023/12/28 23:16,2023/12/28 23:16
損益計算書,売上高,,,,2100056,金融収益,-1,2023/12/28 23:16,2023/12/28 23:16
損益計算書,売上高,,,,2100057,融資収益,-1,2023/12/28 23:16,2023/12/28 23:16
損益計算書,売上高,,,,2100058,リース収益,-1,2023/12/28 23:16,2023/12/28 23:16
損益計算書,売上高,,,,2100059,営業投資有価証券売上高,-1,2023/12/28 23:16,2023/12/28 23:16
損益計算書,売上高,,,,2100060,包括信用購入あっせん収益,-1,2023/12/28 23:16,2023/12/28 23:16
損益計算書,売上高,,,,2100061,個別信用購入あっせん収益,-1,2023/12/28 23:16,2023/12/28 23:16
損益計算書,売上高,,,,2100062,信用保証収益,-1,2023/12/28 23:16,2023/12/28 23:16
損益計算書,売上高,,,,2100063,投資事業組合管理収入,-1,2023/12/28 23:16,2023/12/28 23:16
損益計算書,売上高,,,,2100064,名義書換手数料,-1,2023/12/28 23:16,2023/12/28 23:16
損益計算書,売上高,,,,2100065,買取債権回収高,-1,2023/12/28 23:16,2023/12/28 23:16
損益計算書,売上高,,,,2100066,借入有価証券代り金利息,-1,2023/12/28 23:16,2023/12/28 23:16
損益計算書,売上高,,,,2100067,有価証券貸付料,-1,2023/12/28 23:16,2023/12/28 23:16
損益計算書,売上高,,,,2100068,投資収益,-1,2023/12/28 23:16,2023/12/28 23:16
損益計算書,売上値引及び戻り高,,,,2200001,売上値引及び戻り高,-1,2023/12/28 23:16,2023/12/28 23:16
損益計算書,売上原価,,,,2300001,商品期首棚卸高,1,2023/12/28 23:16,2023/12/28 23:16
損益計算書,売上原価,,,,2300002,期首商品棚卸高,1,2023/12/28 23:16,2023/12/28 23:16
損益計算書,売上原価,,,,2300003,総仕入高,1,2023/12/28 23:16,2023/12/28 23:16
損益計算書,売上原価,,,,2300004,仕入高,1,2023/12/28 23:16,2023/12/28 23:16
損益計算書,売上原価,,,,2300005,仕入値引及び戻し高,1,2023/12/28 23:16,2023/12/28 23:16
損益計算書,売上原価,,,,2300006,当期商品仕入高,1,2023/12/28 23:16,2023/12/28 23:16
損益計算書,売上原価,,,,2300007,商品仕入高,1,2023/12/28 23:16,2023/12/28 23:16
損益計算書,売上原価,,,,2300008,商品期末棚卸高,1,2023/12/28 23:16,2023/12/28 23:16
損益計算書,売上原価,,,,2300009,期末商品棚卸高,1,2023/12/28 23:16,2023/12/28 23:16
損益計算書,売上原価,,,,2300010,商品他勘定振替高,1,2023/12/28 23:16,2023/12/28 23:16
損益計算書,売上原価,,,,2300011,商品評価損,1,2023/12/28 23:16,2023/12/28 23:16
損益計算書,売上原価,,,,2300012,製品期首棚卸高,1,2023/12/28 23:16,2023/12/28 23:16
損益計算書,売上原価,,,,2300013,期首製品棚卸高,1,2023/12/28 23:16,2023/12/28 23:16
損益計算書,売上原価,,,,2300014,当期製品製造原価,1,2023/12/28 23:16,2023/12/28 23:16
損益計算書,売上原価,,,,2300015,当期製品仕入高,1,2023/12/28 23:16,2023/12/28 23:16
損益計算書,売上原価,,,,2300016,製品期末棚卸高,1,2023/12/28 23:16,2023/12/28 23:16
損益計算書,売上原価,,,,2300017,期末製品棚卸高,1,2023/12/28 23:16,2023/12/28 23:16
損益計算書,売上原価,,,,2300018,製品他勘定振替高,1,2023/12/28 23:16,2023/12/28 23:16
損益計算書,売上原価,,,,2300019,製品評価損,1,2023/12/28 23:16,2023/12/28 23:16
損益計算書,売上原価,,,,2300020,原材料評価損,1,2023/12/28 23:16,2023/12/28 23:16
損益計算書,売上原価,,,,2300021,他勘定振替高,1,2023/12/28 23:16,2023/12/28 23:16
損益計算書,売上原価,,,,2300022,他勘定受入高,1,2023/12/28 23:16,2023/12/28 23:16
損益計算書,売上原価,,,,2300023,合併による商品受入高,1,2023/12/28 23:16,2023/12/28 23:16
損益計算書,売上原価,,,,2300024,原価差額,1,2023/12/28 23:16,2023/12/28 23:16
損益計算書,売上原価,,,,2300025,商品及び製品売上原価,1,2023/12/28 23:16,2023/12/28 23:16
損益計算書,売上原価,,,,2300026,商品及び製品期首棚卸高,1,2023/12/28 23:16,2023/12/28 23:16
損益計算書,売上原価,,,,2300027,期首商品及び製品棚卸高,1,2023/12/28 23:16,2023/12/28 23:16
損益計算書,売上原価,,,,2300028,当期商品及び製品仕入高,1,2023/12/28 23:16,2023/12/28 23:16
損益計算書,売上原価,,,,2300029,商品及び製品期末棚卸高,1,2023/12/28 23:16,2023/12/28 23:16
損益計算書,売上原価,,,,2300030,期末商品及び製品棚卸高,1,2023/12/28 23:16,2023/12/28 23:16
損益計算書,売上原価,,,,2300031,仕掛品期首棚卸高,1,2023/12/28 23:16,2023/12/28 23:16
損益計算書,売上原価,,,,2300032,期首仕掛品棚卸高,1,2023/12/28 23:16,2023/12/28 23:16
損益計算書,売上原価,,,,2300033,仕掛品期末棚卸高,1,2023/12/28 23:16,2023/12/28 23:16
損益計算書,売上原価,,,,2300034,期末仕掛品棚卸高,1,2023/12/28 23:16,2023/12/28 23:16
損益計算書,売上原価,,,,2300035,仕掛品他勘定振替高,1,2023/12/28 23:16,2023/12/28 23:16
損益計算書,売上原価,,,,2300036,仕掛品評価損,1,2023/12/28 23:16,2023/12/28 23:16
損益計算書,売上原価,,,,2300037,材料期首棚卸高,1,2023/12/28 23:16,2023/12/28 23:16
損益計算書,売上原価,,,,2300038,期首材料棚卸高,1,2023/12/28 23:16,2023/12/28 23:16
損益計算書,売上原価,,,,2300039,材料期末棚卸高,1,2023/12/28 23:16,2023/12/28 23:16
損益計算書,売上原価,,,,2300040,材料仕入高,1,2023/12/28 23:16,2023/12/28 23:16
損益計算書,売上原価,,,,2300041,期末材料棚卸高,1,2023/12/28 23:16,2023/12/28 23:16
損益計算書,売上原価,,,,2300042,材料他勘定振替高,1,2023/12/28 23:16,2023/12/28 23:16
損益計算書,売上原価,,,,2300043,材料品評価損,1,2023/12/28 23:16,2023/12/28 23:16
損益計算書,売上原価,,,,2300044,原材料売上原価,1,2023/12/28 23:16,2023/12/28 23:16
損益計算書,売上原価,,,,2300045,サービス売上原価,1,2023/12/28 23:16,2023/12/28 23:16
損益計算書,売上原価,,,,2300046,完成工事原価,1,2023/12/28 23:16,2023/12/28 23:16
損益計算書,売上原価,,,,2300047,兼業事業売上原価,1,2023/12/28 23:16,2023/12/28 23:16
損益計算書,売上原価,,,,2300048,開発事業等売上原価,1,2023/12/28 23:16,2023/12/28 23:16
損益計算書,売上原価,,,,2300049,不動産事業等売上原価,1,2023/12/28 23:16,2023/12/28 23:16
損益計算書,売上原価,,,,2300050,不動産売上原価,1,2023/12/28 23:16,2023/12/28 23:16
損益計算書,売上原価,,,,2300051,開発事業売上原価,1,2023/12/28 23:16,2023/12/28 23:16
損益計算書,売上原価,,,,2300052,不動産事業売上原価,1,2023/12/28 23:16,2023/12/28 23:16
損益計算書,売上原価,,,,2300053,賃貸事業売上原価,1,2023/12/28 23:16,2023/12/28 23:16
損益計算書,売上原価,,,,2300054,分譲事業売上原価,1,2023/12/28 23:16,2023/12/28 23:16
損益計算書,売上原価,,,,2300055,その他の事業売上原価,1,2023/12/28 23:16,2023/12/28 23:16
損益計算書,売上原価,,,,2300056,工事売上原価,1,2023/12/28 23:16,2023/12/28 23:16
損益計算書,売上原価,,,,2300057,ソフトウエア開発売上原価,1,2023/12/28 23:16,2023/12/28 23:16
損益計算書,売上原価,,,,2300058,情報サービス売上原価,1,2023/12/28 23:16,2023/12/28 23:16
損益計算書,売上原価,,,,2300059,保守売上原価,1,2023/12/28 23:16,2023/12/28 23:16
損益計算書,売上原価,,,,2300060,受託品売上原価,1,2023/12/28 23:16,2023/12/28 23:16
損益計算書,売上原価,,,,2300061,買付品売上原価,1,2023/12/28 23:16,2023/12/28 23:16
損益計算書,売上原価,,,,2300062,完成業務原価,1,2023/12/28 23:16,2023/12/28 23:16
損益計算書,売上原価,,,,2300063,賃貸原価,1,2023/12/28 23:16,2023/12/28 23:16
損益計算書,売上原価,,,,2300064,賃貸事業原価,1,2023/12/28 23:16,2023/12/28 23:16
損益計算書,売上原価,,,,2300065,分譲事業原価,1,2023/12/28 23:16,2023/12/28 23:16
損益計算書,売上原価,,,,2300066,ソフトウエア償却費,1,2023/12/28 23:16,2023/12/28 23:16
損益計算書,売上原価,,,,2300067,維持運転費,1,2023/12/28 23:16,2023/12/28 23:16
損益計算書,売上原価,,,,2300068,番組費,1,2023/12/28 23:16,2023/12/28 23:16
損益計算書,売上原価,,,,2300069,放送費,1,2023/12/28 23:16,2023/12/28 23:16
損益計算書,売上原価,,,,2300070,金融費用,1,2023/12/28 23:16,2023/12/28 23:16
損益計算書,売上原価,,,,2300071,営業投資有価証券売上原価,1,2023/12/28 23:16,2023/12/28 23:16
損益計算書,売上原価,,,,2300072,借入金利息,1,2023/12/28 23:16,2023/12/28 23:16
損益計算書,売上原価,,,,2300073,有価証券借入料,1,2023/12/28 23:16,2023/12/28 23:16
損益計算書,売上原価,,,,2300074,債権買取原価,1,2023/12/28 23:16,2023/12/28 23:16
損益計算書,販売費及び一般管理費,,,,2400001,販売手数料,1,2023/12/28 23:16,2023/12/28 23:16
損益計算書,販売費及び一般管理費,,,,2400002,荷造費,1,2023/12/28 23:16,2023/12/28 23:16
損益計算書,販売費及び一般管理費,,,,2400003,運搬費,1,2023/12/28 23:16,2023/12/28 23:16
損益計算書,販売費及び一般管理費,,,,2400004,広告宣伝費,1,2023/12/28 23:16,2023/12/28 23:16
損益計算書,販売費及び一般管理費,,,,2400005,見本費,1,2023/12/28 23:16,2023/12/28 23:16
損益計算書,販売費及び一般管理費,,,,2400006,保管費,1,2023/12/28 23:16,2023/12/28 23:16
損益計算書,販売費及び一般管理費,,,,2400007,納入試験費,1,2023/12/28 23:16,2023/12/28 23:16
損益計算書,販売費及び一般管理費,,,,2400008,役員報酬,1,2023/12/28 23:16,2023/12/28 23:16
損益計算書,販売費及び一般管理費,,,,2400009,給料,1,2023/12/28 23:16,2023/12/28 23:16
損益計算書,販売費及び一般管理費,,,,2400010,賃金,1,2023/12/28 23:16,2023/12/28 23:16
損益計算書,販売費及び一般管理費,,,,2400011,手当,1,2023/12/28 23:16,2023/12/28 23:16
損益計算書,販売費及び一般管理費,,,,2400012,賞与,1,2023/12/28 23:16,2023/12/28 23:16
損益計算書,販売費及び一般管理費,,,,2400013,福利厚生費,1,2023/12/28 23:16,2023/12/28 23:16
損益計算書,販売費及び一般管理費,,,,2400014,交際費,1,2023/12/28 23:16,2023/12/28 23:16
損益計算書,販売費及び一般管理費,,,,2400015,旅費,1,2023/12/28 23:16,2023/12/28 23:16
損益計算書,販売費及び一般管理費,,,,2400016,交通費,1,2023/12/28 23:16,2023/12/28 23:16
損益計算書,販売費及び一般管理費,,,,2400017,通信費,1,2023/12/28 23:16,2023/12/28 23:16
損益計算書,販売費及び一般管理費,,,,2400018,光熱費,1,2023/12/28 23:16,2023/12/28 23:16
損益計算書,販売費及び一般管理費,,,,2400019,消耗品費,1,2023/12/28 23:16,2023/12/28 23:16
損益計算書,販売費及び一般管理費,,,,2400020,租税公課,1,2023/12/28 23:16,2023/12/28 23:16
損益計算書,販売費及び一般管理費,,,,2400021,減価償却費,1,2023/12/28 23:16,2023/12/28 23:16
損益計算書,販売費及び一般管理費,,,,2400022,修繕費,1,2023/12/28 23:16,2023/12/28 23:16
損益計算書,販売費及び一般管理費,,,,2400023,保険料,1,2023/12/28 23:16,2023/12/28 23:16
損益計算書,販売費及び一般管理費,,,,2400024,不動産賃借料,1,2023/12/28 23:16,2023/12/28 23:16
損益計算書,販売費及び一般管理費,,,,2400025,貸倒引当金繰入額,1,2023/12/28 23:16,2023/12/28 23:16
損益計算書,販売費及び一般管理費,,,,2400026,貸倒引当金戻入額,1,2023/12/28 23:16,2023/12/28 23:16
損益計算書,販売費及び一般管理費,,,,2400027,貸倒損失,1,2023/12/28 23:16,2023/12/28 23:16
損益計算書,販売費及び一般管理費,,,,2400028,賞与引当金繰入額,1,2023/12/28 23:16,2023/12/28 23:16
損益計算書,販売費及び一般管理費,,,,2400029,役員退職慰労引当金繰入額,1,2023/12/28 23:16,2023/12/28 23:16
損益計算書,販売費及び一般管理費,,,,2400030,役員賞与引当金繰入額,1,2023/12/28 23:16,2023/12/28 23:16
損益計算書,販売費及び一般管理費,,,,2400031,退職給付費用,1,2023/12/28 23:16,2023/12/28 23:16
損益計算書,販売費及び一般管理費,,,,2400032,研究開発費,1,2023/12/28 23:16,2023/12/28 23:16
損益計算書,販売費及び一般管理費,,,,2400033,人件費,1,2023/12/28 23:16,2023/12/28 23:16
損益計算書,販売費及び一般管理費,,,,2400034,給料及び手当,1,2023/12/28 23:16,2023/12/28 23:16
損益計算書,販売費及び一般管理費,,,,2400035,給料及び賞与,1,2023/12/28 23:16,2023/12/28 23:16
損益計算書,販売費及び一般管理費,,,,2400036,給料手当及び賞与,1,2023/12/28 23:16,2023/12/28 23:16
損益計算書,販売費及び一般管理費,,,,2400037,給料手当及び福利費,1,2023/12/28 23:16,2023/12/28 23:16
損益計算書,販売費及び一般管理費,,,,2400038,給料及び賃金,1,2023/12/28 23:16,2023/12/28 23:16
損益計算書,販売費及び一般管理費,,,,2400039,給与手当,1,2023/12/28 23:16,2023/12/28 23:16
損益計算書,販売費及び一般管理費,,,,2400040,賞与及び手当,1,2023/12/28 23:16,2023/12/28 23:16
損益計算書,販売費及び一般管理費,,,,2400041,従業員給料,1,2023/12/28 23:16,2023/12/28 23:16
損益計算書,販売費及び一般管理費,,,,2400042,従業員賞与,1,2023/12/28 23:16,2023/12/28 23:16
損益計算書,販売費及び一般管理費,,,,2400043,従業員給料及び賞与,1,2023/12/28 23:16,2023/12/28 23:16
損益計算書,販売費及び一般管理費,,,,2400044,従業員給料及び手当,1,2023/12/28 23:16,2023/12/28 23:16
損益計算書,販売費及び一般管理費,,,,2400045,報酬及び給料手当,1,2023/12/28 23:16,2023/12/28 23:16
損益計算書,販売費及び一般管理費,,,,2400046,役員報酬及び給料手当,1,2023/12/28 23:16,2023/12/28 23:16
損益計算書,販売費及び一般管理費,,,,2400047,退職金,1,2023/12/28 23:16,2023/12/28 23:16
損益計算書,販売費及び一般管理費,,,,2400048,退職給付引当金繰入額,1,2023/12/28 23:16,2023/12/28 23:16
損益計算書,販売費及び一般管理費,,,,2400049,役員退職慰労金,1,2023/12/28 23:16,2023/12/28 23:16
損益計算書,販売費及び一般管理費,,,,2400050,雑給,1,2023/12/28 23:16,2023/12/28 23:16
損益計算書,販売費及び一般管理費,,,,2400051,法定福利及び厚生費,1,2023/12/28 23:16,2023/12/28 23:16
損益計算書,販売費及び一般管理費,,,,2400052,法定福利費,1,2023/12/28 23:16,2023/12/28 23:16
損益計算書,販売費及び一般管理費,,,,2400053,株式報酬費用,1,2023/12/28 23:16,2023/12/28 23:16
損益計算書,販売費及び一般管理費,,,,2400054,のれん償却額,1,2023/12/28 23:16,2023/12/28 23:16
損益計算書,販売費及び一般管理費,,,,2400055,開業費償却,1,2023/12/28 23:16,2023/12/28 23:16
損益計算書,販売費及び一般管理費,,,,2400056,開発費償却,1,2023/12/28 23:16,2023/12/28 23:16
損益計算書,販売費及び一般管理費,,,,2400057,支払報酬,1,2023/12/28 23:16,2023/12/28 23:16
損益計算書,販売費及び一般管理費,,,,2400058,支払報酬料,1,2023/12/28 23:16,2023/12/28 23:16
損益計算書,販売費及び一般管理費,,,,2400059,顧問料,1,2023/12/28 23:16,2023/12/28 23:16
損益計算書,販売費及び一般管理費,,,,2400060,教育研修費,1,2023/12/28 23:16,2023/12/28 23:16
損益計算書,販売費及び一般管理費,,,,2400061,研修費,1,2023/12/28 23:16,2023/12/28 23:16
損益計算書,販売費及び一般管理費,,,,2400062,採用費,1,2023/12/28 23:16,2023/12/28 23:16
損益計算書,販売費及び一般管理費,,,,2400063,募集費,1,2023/12/28 23:16,2023/12/28 23:16
損益計算書,販売費及び一般管理費,,,,2400064,外注費,1,2023/12/28 23:16,2023/12/28 23:16
損益計算書,販売費及び一般管理費,,,,2400065,事務委託費,1,2023/12/28 23:16,2023/12/28 23:16
損益計算書,販売費及び一般管理費,,,,2400066,業務委託費,1,2023/12/28 23:16,2023/12/28 23:16
損益計算書,販売費及び一般管理費,,,,2400067,業務委託料,1,2023/12/28 23:16,2023/12/28 23:16
損益計算書,販売費及び一般管理費,,,,2400068,支払手数料,1,2023/12/28 23:16,2023/12/28 23:16
損益計算書,販売費及び一般管理費,,,,2400069,賃借料,1,2023/12/28 23:16,2023/12/28 23:16
損益計算書,販売費及び一般管理費,,,,2400070,施設使用料,1,2023/12/28 23:16,2023/12/28 23:16
損益計算書,販売費及び一般管理費,,,,2400071,地代家賃,1,2023/12/28 23:16,2023/12/28 23:16
損益計算書,販売費及び一般管理費,,,,2400072,借地借家料,1,2023/12/28 23:16,2023/12/28 23:16
損益計算書,販売費及び一般管理費,,,,2400073,販売促進費,1,2023/12/28 23:16,2023/12/28 23:16
損益計算書,販売費及び一般管理費,,,,2400074,広告宣伝費及び販売促進費,1,2023/12/28 23:16,2023/12/28 23:16
損益計算書,販売費及び一般管理費,,,,2400075,事業宣伝費,1,2023/12/28 23:16,2023/12/28 23:16
損益計算書,販売費及び一般管理費,,,,2400076,代理店手数料,1,2023/12/28 23:16,2023/12/28 23:16
損益計算書,販売費及び一般管理費,,,,2400077,製品保証引当金繰入額,1,2023/12/28 23:16,2023/12/28 23:16
損益計算書,販売費及び一般管理費,,,,2400078,完成工事補償引当金繰入額,1,2023/12/28 23:16,2023/12/28 23:16
損益計算書,販売費及び一般管理費,,,,2400079,特別修繕引当金繰入額,1,2023/12/28 23:16,2023/12/28 23:16
損益計算書,販売費及び一般管理費,,,,2400080,ポイント引当金繰入額,1,2023/12/28 23:16,2023/12/28 23:16
損益計算書,販売費及び一般管理費,,,,2400081,利息返還損失引当金繰入額,1,2023/12/28 23:16,2023/12/28 23:16
損益計算書,販売費及び一般管理費,,,,2400082,株式給付引当金繰入額,1,2023/12/28 23:16,2023/12/28 23:16
損益計算書,販売費及び一般管理費,,,,2400083,役員株式給付引当金繰入額,1,2023/12/28 23:16,2023/12/28 23:16
損益計算書,販売費及び一般管理費,,,,2400084,株主優待引当金繰入額,1,2023/12/28 23:16,2023/12/28 23:16
損益計算書,販売費及び一般管理費,,,,2400085,株式報酬引当金繰入額,1,2023/12/28 23:16,2023/12/28 23:16
損益計算書,販売費及び一般管理費,,,,2400086,運送費及び保管費,1,2023/12/28 23:16,2023/12/28 23:16
損益計算書,販売費及び一般管理費,,,,2400087,運賃,1,2023/12/28 23:16,2023/12/28 23:16
損益計算書,販売費及び一般管理費,,,,2400088,運賃及び荷造費,1,2023/12/28 23:16,2023/12/28 23:16
損益計算書,販売費及び一般管理費,,,,2400089,運賃諸掛,1,2023/12/28 23:16,2023/12/28 23:16
損益計算書,販売費及び一般管理費,,,,2400090,荷造運搬費,1,2023/12/28 23:16,2023/12/28 23:16
損益計算書,販売費及び一般管理費,,,,2400091,荷造及び発送費,1,2023/12/28 23:16,2023/12/28 23:16
損益計算書,販売費及び一般管理費,,,,2400092,販売運賃,1,2023/12/28 23:16,2023/12/28 23:16
損益計算書,販売費及び一般管理費,,,,2400093,発送運賃,1,2023/12/28 23:16,2023/12/28 23:16
損益計算書,販売費及び一般管理費,,,,2400094,配送費,1,2023/12/28 23:16,2023/12/28 23:16
損益計算書,販売費及び一般管理費,,,,2400095,発送費,1,2023/12/28 23:16,2023/12/28 23:16
損益計算書,販売費及び一般管理費,,,,2400096,試験研究費,1,2023/12/28 23:16,2023/12/28 23:16
損益計算書,販売費及び一般管理費,,,,2400097,開発研究費,1,2023/12/28 23:16,2023/12/28 23:16
損益計算書,販売費及び一般管理費,,,,2400098,技術研究費,1,2023/12/28 23:16,2023/12/28 23:16
損益計算書,販売費及び一般管理費,,,,2400099,研究費,1,2023/12/28 23:16,2023/12/28 23:16
損益計算書,販売費及び一般管理費,,,,2400100,修繕維持費,1,2023/12/28 23:16,2023/12/28 23:16
損益計算書,販売費及び一般管理費,,,,2400101,寄付金,1,2023/12/28 23:16,2023/12/28 23:16
損益計算書,販売費及び一般管理費,,,,2400102,特許権使用料,1,2023/12/28 23:16,2023/12/28 23:16
損益計算書,販売費及び一般管理費,,,,2400103,長期前払費用償却,1,2023/12/28 23:16,2023/12/28 23:16
損益計算書,販売費及び一般管理費,,,,2400104,水道光熱費,1,2023/12/28 23:16,2023/12/28 23:16
損益計算書,販売費及び一般管理費,,,,2400105,動力用水光熱費,1,2023/12/28 23:16,2023/12/28 23:16
損益計算書,販売費及び一般管理費,,,,2400106,衛生費,1,2023/12/28 23:16,2023/12/28 23:16
損益計算書,販売費及び一般管理費,,,,2400107,事業所税,1,2023/12/28 23:16,2023/12/28 23:16
損益計算書,販売費及び一般管理費,,,,2400108,事業税,1,2023/12/28 23:16,2023/12/28 23:16
損益計算書,販売費及び一般管理費,,,,2400109,事務費,1,2023/12/28 23:16,2023/12/28 23:16
損益計算書,販売費及び一般管理費,,,,2400110,事務用品費,1,2023/12/28 23:16,2023/12/28 23:16
損益計算書,販売費及び一般管理費,,,,2400111,事務用消耗品費,1,2023/12/28 23:16,2023/12/28 23:16
損益計算書,販売費及び一般管理費,,,,2400112,車両費,1,2023/12/28 23:16,2023/12/28 23:16
損益計算書,販売費及び一般管理費,,,,2400113,会議費,1,2023/12/28 23:16,2023/12/28 23:16
損益計算書,販売費及び一般管理費,,,,2400114,諸会費,1,2023/12/28 23:16,2023/12/28 23:16
損益計算書,販売費及び一般管理費,,,,2400115,諸経費,1,2023/12/28 23:16,2023/12/28 23:16
損益計算書,販売費及び一般管理費,,,,2400116,図書費,1,2023/12/28 23:16,2023/12/28 23:16
損益計算書,販売費及び一般管理費,,,,2400117,印刷費,1,2023/12/28 23:16,2023/12/28 23:16
損益計算書,販売費及び一般管理費,,,,2400118,図書印刷費,1,2023/12/28 23:16,2023/12/28 23:16
損益計算書,販売費及び一般管理費,,,,2400119,調査研究費,1,2023/12/28 23:16,2023/12/28 23:16
損益計算書,販売費及び一般管理費,,,,2400120,調査費,1,2023/12/28 23:16,2023/12/28 23:16
損益計算書,販売費及び一般管理費,,,,2400121,旅費交通費及び通信費,1,2023/12/28 23:16,2023/12/28 23:16
損益計算書,販売費及び一般管理費,,,,2400122,旅費及び通信費,1,2023/12/28 23:16,2023/12/28 23:16
損益計算書,販売費及び一般管理費,,,,2400123,旅費及び交通費,1,2023/12/28 23:16,2023/12/28 23:16
損益計算書,販売費及び一般管理費,,,,2400124,通信交通費,1,2023/12/28 23:16,2023/12/28 23:16
損益計算書,販売費及び一般管理費,,,,2400125,取引関連費,1,2023/12/28 23:16,2023/12/28 23:16
損益計算書,販売費及び一般管理費,,,,2400126,不動産関連費,1,2023/12/28 23:16,2023/12/28 23:16
損益計算書,販売費及び一般管理費,,,,2400127,雑費,1,2023/12/28 23:16,2023/12/28 23:16
損益計算書,販売費及び一般管理費,,,,2400128,販売費,1,2023/12/28 23:16,2023/12/28 23:16
損益計算書,販売費及び一般管理費,,,,2400129,一般管理費,1,2023/12/28 23:16,2023/12/28 23:16
損益計算書,販売費及び一般管理費,,,,2400130,割賦販売未実現利益繰入額,1,2023/12/28 23:16,2023/12/28 23:16
損益計算書,販売費及び一般管理費,,,,2400131,割賦販売未実現利益戻入額,1,2023/12/28 23:16,2023/12/28 23:16
損益計算書,販売費及び一般管理費,,,,2400132,返品調整引当金繰入額,1,2023/12/28 23:16,2023/12/28 23:16
損益計算書,販売費及び一般管理費,,,,2400133,返品調整引当金戻入額,1,2023/12/28 23:16,2023/12/28 23:16
損益計算書,営業外収益,,,,2500001,受取利息,-1,2023/12/28 23:16,2023/12/28 23:16
損益計算書,営業外収益,,,,2500002,有価証券利息,-1,2023/12/28 23:16,2023/12/28 23:16
損益計算書,営業外収益,,,,2500003,受取配当金,-1,2023/12/28 23:16,2023/12/28 23:16
損益計算書,営業外収益,,,,2500004,仕入割引,-1,2023/12/28 23:16,2023/12/28 23:16
損益計算書,営業外収益,,,,2500005,投資不動産賃貸料,-1,2023/12/28 23:16,2023/12/28 23:16
損益計算書,営業外収益,,,,2500006,還付消費税等,-1,2023/12/28 23:16,2023/12/28 23:16
損益計算書,営業外収益,,,,2500007,負ののれん償却額,-1,2023/12/28 23:16,2023/12/28 23:16
損益計算書,営業外収益,,,,2500008,持分法による投資利益,-1,2023/12/28 23:16,2023/12/28 23:16
損益計算書,営業外収益,,,,2500009,為替差益,-1,2023/12/28 23:16,2023/12/28 23:16
損益計算書,営業外収益,,,,2500010,有価証券売却益,-1,2023/12/28 23:16,2023/12/28 23:16
損益計算書,営業外収益,,,,2500011,投資有価証券評価益,-1,2023/12/28 23:16,2023/12/28 23:16
損益計算書,営業外収益,,,,2500012,未払配当金除斥益,-1,2023/12/28 23:16,2023/12/28 23:16
損益計算書,営業外収益,,,,2500013,有価証券償還益,-1,2023/12/28 23:16,2023/12/28 23:16
損益計算書,営業外収益,,,,2500014,有価証券運用益,-1,2023/12/28 23:16,2023/12/28 23:16
損益計算書,営業外収益,,,,2500015,有価証券評価益,-1,2023/12/28 23:16,2023/12/28 23:16
損益計算書,営業外収益,,,,2500016,投資有価証券評価損戻入益,-1,2023/12/28 23:16,2023/12/28 23:16
損益計算書,営業外収益,,,,2500017,出資金運用益,-1,2023/12/28 23:16,2023/12/28 23:16
損益計算書,営業外収益,,,,2500018,投資事業組合運用益,-1,2023/12/28 23:16,2023/12/28 23:16
損益計算書,営業外収益,,,,2500019,匿名組合投資利益,-1,2023/12/28 23:16,2023/12/28 23:16
損益計算書,営業外収益,,,,2500020,金銭の信託運用益,-1,2023/12/28 23:16,2023/12/28 23:16
損益計算書,営業外収益,,,,2500021,デリバティブ評価益,-1,2023/12/28 23:16,2023/12/28 23:16
損益計算書,営業外収益,,,,2500022,金利スワップ評価益,-1,2023/12/28 23:16,2023/12/28 23:16
損益計算書,営業外収益,,,,2500023,複合金融商品評価益,-1,2023/12/28 23:16,2023/12/28 23:16
損益計算書,営業外収益,,,,2500024,経営指導料,-1,2023/12/28 23:16,2023/12/28 23:16
損益計算書,営業外収益,,,,2500025,技術指導料,-1,2023/12/28 23:16,2023/12/28 23:16
損益計算書,営業外収益,,,,2500026,業務受託料,-1,2023/12/28 23:16,2023/12/28 23:16
損益計算書,営業外収益,,,,2500027,業務受託手数料,-1,2023/12/28 23:16,2023/12/28 23:16
損益計算書,営業外収益,,,,2500028,受取技術料,-1,2023/12/28 23:16,2023/12/28 23:16
損益計算書,営業外収益,,,,2500029,受取ロイヤリティー,-1,2023/12/28 23:16,2023/12/28 23:16
損益計算書,営業外収益,,,,2500030,貸付金利息,-1,2023/12/28 23:16,2023/12/28 23:16
損益計算書,営業外収益,,,,2500031,受取手数料,-1,2023/12/28 23:16,2023/12/28 23:16
損益計算書,営業外収益,,,,2500032,受取事務手数料,-1,2023/12/28 23:16,2023/12/28 23:16
損益計算書,営業外収益,,,,2500033,受取賃貸料,-1,2023/12/28 23:16,2023/12/28 23:16
損益計算書,営業外収益,,,,2500034,不動産賃貸料,-1,2023/12/28 23:16,2023/12/28 23:16
損益計算書,営業外収益,,,,2500035,固定資産賃貸料,-1,2023/12/28 23:16,2023/12/28 23:16
損益計算書,営業外収益,,,,2500036,設備賃貸料,-1,2023/12/28 23:16,2023/12/28 23:16
損益計算書,営業外収益,,,,2500037,受取家賃,-1,2023/12/28 23:16,2023/12/28 23:16
損益計算書,営業外収益,,,,2500038,受取地代家賃,-1,2023/12/28 23:16,2023/12/28 23:16
損益計算書,営業外収益,,,,2500039,受取保険金,-1,2023/12/28 23:16,2023/12/28 23:16
損益計算書,営業外収益,,,,2500040,受取保険金及び配当金,-1,2023/12/28 23:16,2023/12/28 23:16
損益計算書,営業外収益,,,,2500041,受取保険料,-1,2023/12/28 23:16,2023/12/28 23:16
損益計算書,営業外収益,,,,2500042,受取保証料,-1,2023/12/28 23:16,2023/12/28 23:16
損益計算書,営業外収益,,,,2500043,受取補償金,-1,2023/12/28 23:16,2023/12/28 23:16
損益計算書,営業外収益,,,,2500044,受取利息及び配当金,-1,2023/12/28 23:16,2023/12/28 23:16
損益計算書,営業外収益,,,,2500045,助成金収入,-1,2023/12/28 23:16,2023/12/28 23:16
損益計算書,営業外収益,,,,2500046,補助金収入,-1,2023/12/28 23:16,2023/12/28 23:16
損益計算書,営業外収益,,,,2500047,協賛金収入,-1,2023/12/28 23:16,2023/12/28 23:16
損益計算書,営業外収益,,,,2500048,売電収入,-1,2023/12/28 23:16,2023/12/28 23:16
損益計算書,営業外収益,,,,2500049,保険解約返戻金,-1,2023/12/28 23:16,2023/12/28 23:16
損益計算書,営業外収益,,,,2500050,保険返戻金,-1,2023/12/28 23:16,2023/12/28 23:16
損益計算書,営業外収益,,,,2500051,生命保険配当金,-1,2023/12/28 23:16,2023/12/28 23:16
損益計算書,営業外収益,,,,2500052,保険配当金,-1,2023/12/28 23:16,2023/12/28 23:16
損益計算書,営業外収益,,,,2500053,保険事務手数料,-1,2023/12/28 23:16,2023/12/28 23:16
損益計算書,営業外収益,,,,2500054,役員退職慰労引当金戻入額,-1,2023/12/28 23:16,2023/12/28 23:16
損益計算書,営業外収益,,,,2500055,償却債権取立益,-1,2023/12/28 23:16,2023/12/28 23:16
損益計算書,営業外収益,,,,2500056,物品売却益,-1,2023/12/28 23:16,2023/12/28 23:16
損益計算書,営業外収益,,,,2500057,作業くず売却益,-1,2023/12/28 23:16,2023/12/28 23:16
損益計算書,営業外収益,,,,2500058,スクラップ売却益,-1,2023/12/28 23:16,2023/12/28 23:16
損益計算書,営業外収益,,,,2500059,債務勘定整理益,-1,2023/12/28 23:16,2023/12/28 23:16
損益計算書,営業外収益,,,,2500060,法人税等還付加算金,-1,2023/12/28 23:16,2023/12/28 23:16
損益計算書,営業外収益,,,,2500061,還付加算金,-1,2023/12/28 23:16,2023/12/28 23:16
損益計算書,営業外収益,,,,2500062,雇用調整助成金,-1,2023/12/28 23:16,2023/12/28 23:16
損益計算書,営業外収益,,,,2500063,雑収入,-1,2023/12/28 23:16,2023/12/28 23:16
損益計算書,営業外費用,,,,2600001,支払利息,1,2023/12/28 23:16,2023/12/28 23:16
損益計算書,営業外費用,,,,2600002,社債利息,1,2023/12/28 23:16,2023/12/28 23:16
損益計算書,営業外費用,,,,2600003,売上割引,1,2023/12/28 23:16,2023/12/28 23:16
損益計算書,営業外費用,,,,2600004,有価証券売却損,1,2023/12/28 23:16,2023/12/28 23:16
損益計算書,営業外費用,,,,2600005,有価証券評価損,1,2023/12/28 23:16,2023/12/28 23:16
損益計算書,営業外費用,,,,2600006,有価証券償還損,1,2023/12/28 23:16,2023/12/28 23:16
損益計算書,営業外費用,,,,2600007,有価証券運用損,1,2023/12/28 23:16,2023/12/28 23:16
損益計算書,営業外費用,,,,2600008,投資有価証券評価損,1,2023/12/28 23:16,2023/12/28 23:16
損益計算書,営業外費用,,,,2600009,持分法による投資損失,1,2023/12/28 23:16,2023/12/28 23:16
損益計算書,営業外費用,,,,2600010,出資金運用損,1,2023/12/28 23:16,2023/12/28 23:16
損益計算書,営業外費用,,,,2600011,投資事業組合運用損,1,2023/12/28 23:16,2023/12/28 23:16
損益計算書,営業外費用,,,,2600012,出資金評価損,1,2023/12/28 23:16,2023/12/28 23:16
損益計算書,営業外費用,,,,2600013,金銭の信託運用損,1,2023/12/28 23:16,2023/12/28 23:16
損益計算書,営業外費用,,,,2600014,デリバティブ評価損,1,2023/12/28 23:16,2023/12/28 23:16
損益計算書,営業外費用,,,,2600015,ゴルフ会員権評価損,1,2023/12/28 23:16,2023/12/28 23:16
損益計算書,営業外費用,,,,2600016,会員権評価損,1,2023/12/28 23:16,2023/12/28 23:16
損益計算書,営業外費用,,,,2600017,保険解約損,1,2023/12/28 23:16,2023/12/28 23:16
損益計算書,営業外費用,,,,2600018,社債発行費償却,1,2023/12/28 23:16,2023/12/28 23:16
損益計算書,営業外費用,,,,2600019,株式交付費償却,1,2023/12/28 23:16,2023/12/28 23:16
損益計算書,営業外費用,,,,2600020,新株発行費,1,2023/12/28 23:16,2023/12/28 23:16
損益計算書,営業外費用,,,,2600021,社債償還損,1,2023/12/28 23:16,2023/12/28 23:16
損益計算書,営業外費用,,,,2600022,新株予約権発行費,1,2023/12/28 23:16,2023/12/28 23:16
損益計算書,営業外費用,,,,2600023,自己株式取得費用,1,2023/12/28 23:16,2023/12/28 23:16
損益計算書,営業外費用,,,,2600024,株式公開費用,1,2023/12/28 23:16,2023/12/28 23:16
損益計算書,営業外費用,,,,2600025,資金調達費用,1,2023/12/28 23:16,2023/12/28 23:16
損益計算書,営業外費用,,,,2600026,短期社債利息,1,2023/12/28 23:16,2023/12/28 23:16
損益計算書,営業外費用,,,,2600027,コマーシャル・ペーパー利息,1,2023/12/28 23:16,2023/12/28 23:16
損益計算書,営業外費用,,,,2600028,為替差損,1,2023/12/28 23:16,2023/12/28 23:16
損益計算書,営業外費用,,,,2600029,金利スワップ評価損,1,2023/12/28 23:16,2023/12/28 23:16
損益計算書,営業外費用,,,,2600030,複合金融商品評価損,1,2023/12/28 23:16,2023/12/28 23:16
損益計算書,営業外費用,,,,2600031,手形売却損,1,2023/12/28 23:16,2023/12/28 23:16
損益計算書,営業外費用,,,,2600032,電子記録債権売却損,1,2023/12/28 23:16,2023/12/28 23:16
損益計算書,営業外費用,,,,2600033,貸与資産減価償却費,1,2023/12/28 23:16,2023/12/28 23:16
損益計算書,営業外費用,,,,2600034,休止固定資産減価償却費,1,2023/12/28 23:16,2023/12/28 23:16
損益計算書,営業外費用,,,,2600035,賃貸収入原価,1,2023/12/28 23:16,2023/12/28 23:16
損益計算書,営業外費用,,,,2600036,賃貸費用,1,2023/12/28 23:16,2023/12/28 23:16
損益計算書,営業外費用,,,,2600037,不動産賃貸費用,1,2023/12/28 23:16,2023/12/28 23:16
損益計算書,営業外費用,,,,2600038,不動産賃貸原価,1,2023/12/28 23:16,2023/12/28 23:16
損益計算書,営業外費用,,,,2600039,固定資産賃貸費用,1,2023/12/28 23:16,2023/12/28 23:16
損益計算書,営業外費用,,,,2600040,設備賃貸費用,1,2023/12/28 23:16,2023/12/28 23:16
損益計算書,営業外費用,,,,2600041,売電費用,1,2023/12/28 23:16,2023/12/28 23:16
損益計算書,営業外費用,,,,2600042,リース解約損,1,2023/12/28 23:16,2023/12/28 23:16
損益計算書,営業外費用,,,,2600043,固定資産圧縮損,1,2023/12/28 23:16,2023/12/28 23:16
損益計算書,営業外費用,,,,2600044,棚卸資産廃棄損,1,2023/12/28 23:16,2023/12/28 23:16
損益計算書,営業外費用,,,,2600045,棚卸資産除却損,1,2023/12/28 23:16,2023/12/28 23:16
損益計算書,営業外費用,,,,2600046,棚卸資産処分損,1,2023/12/28 23:16,2023/12/28 23:16
損益計算書,営業外費用,,,,2600047,商品廃棄損,1,2023/12/28 23:16,2023/12/28 23:16
損益計算書,営業外費用,,,,2600048,創立費償却,1,2023/12/28 23:16,2023/12/28 23:16
損益計算書,営業外費用,,,,2600049,支払保証料,1,2023/12/28 23:16,2023/12/28 23:16
損益計算書,営業外費用,,,,2600050,支払補償費,1,2023/12/28 23:16,2023/12/28 23:16
損益計算書,営業外費用,,,,2600051,売上債権売却損,1,2023/12/28 23:16,2023/12/28 23:16
損益計算書,営業外費用,,,,2600052,債権売却損,1,2023/12/28 23:16,2023/12/28 23:16
損益計算書,営業外費用,,,,2600053,コミットメントフィー,1,2023/12/28 23:16,2023/12/28 23:16
損益計算書,営業外費用,,,,2600054,シンジケートローン手数料,1,2023/12/28 23:16,2023/12/28 23:16
損益計算書,営業外費用,,,,2600055,上場関連費用,1,2023/12/28 23:16,2023/12/28 23:16
損益計算書,営業外費用,,,,2600056,雑支出,1,2023/12/28 23:16,2023/12/28 23:16
損益計算書,営業外費用,,,,2600057,雑損失,1,2023/12/28 23:16,2023/12/28 23:16
損益計算書,特別利益,,,,2700001,企業結合に係る特定勘定取崩益,-1,2023/12/28 23:16,2023/12/28 23:16
損益計算書,特別利益,,,,2700002,企業結合における交換利益,-1,2023/12/28 23:16,2023/12/28 23:16
損益計算書,特別利益,,,,2700003,事業分離における移転利益,-1,2023/12/28 23:16,2023/12/28 23:16
損益計算書,特別利益,,,,2700004,段階取得に係る差益,-1,2023/12/28 23:16,2023/12/28 23:16
損益計算書,特別利益,,,,2700005,持分変動利益,-1,2023/12/28 23:16,2023/12/28 23:16
損益計算書,特別利益,,,,2700006,抱合せ株式消滅差益,-1,2023/12/28 23:16,2023/12/28 23:16
損益計算書,特別利益,,,,2700007,固定資産売却益,-1,2023/12/28 23:16,2023/12/28 23:16
損益計算書,特別利益,,,,2700008,固定資産処分益,-1,2023/12/28 23:16,2023/12/28 23:16
損益計算書,特別利益,,,,2700009,固定資産受贈益,-1,2023/12/28 23:16,2023/12/28 23:16
損益計算書,特別利益,,,,2700010,有形固定資産売却益,-1,2023/12/28 23:16,2023/12/28 23:16
損益計算書,特別利益,,,,2700011,土地売却益,-1,2023/12/28 23:16,2023/12/28 23:16
損益計算書,特別利益,,,,2700012,投資有価証券売却益,-1,2023/12/28 23:16,2023/12/28 23:16
損益計算書,特別利益,,,,2700013,投資有価証券償還益,-1,2023/12/28 23:16,2023/12/28 23:16
損益計算書,特別利益,,,,2700014,ゴルフ会員権売却益,-1,2023/12/28 23:16,2023/12/28 23:16
損益計算書,特別利益,,,,2700015,会員権売却益,-1,2023/12/28 23:16,2023/12/28 23:16
損益計算書,特別利益,,,,2700016,負ののれん発生益,-1,2023/12/28 23:16,2023/12/28 23:16
損益計算書,特別利益,,,,2700017,関係会社清算益,-1,2023/12/28 23:16,2023/12/28 23:16
損益計算書,特別利益,,,,2700018,子会社清算益,-1,2023/12/28 23:16,2023/12/28 23:16
損益計算書,特別利益,,,,2700019,関係会社株式売却益,-1,2023/12/28 23:16,2023/12/28 23:16
損益計算書,特別利益,,,,2700020,子会社株式売却益,-1,2023/12/28 23:16,2023/12/28 23:16
損益計算書,特別利益,,,,2700021,事業譲渡益,-1,2023/12/28 23:16,2023/12/28 23:16
損益計算書,特別利益,,,,2700022,投資損失引当金戻入額,-1,2023/12/28 23:16,2023/12/28 23:16
損益計算書,特別利益,,,,2700023,製品保証引当金戻入額,-1,2023/12/28 23:16,2023/12/28 23:16
損益計算書,特別利益,,,,2700024,特別修繕引当金戻入額,-1,2023/12/28 23:16,2023/12/28 23:16
損益計算書,特別利益,,,,2700025,完成工事補償引当金戻入額,-1,2023/12/28 23:16,2023/12/28 23:16
損益計算書,特別利益,,,,2700026,債務保証損失引当金戻入額,-1,2023/12/28 23:16,2023/12/28 23:16
損益計算書,特別利益,,,,2700027,関係会社整理損失引当金戻入額,-1,2023/12/28 23:16,2023/12/28 23:16
損益計算書,特別利益,,,,2700028,事業整理損失引当金戻入額,-1,2023/12/28 23:16,2023/12/28 23:16
損益計算書,特別利益,,,,2700029,関係会社事業損失引当金戻入額,-1,2023/12/28 23:16,2023/12/28 23:16
損益計算書,特別利益,,,,2700030,事業構造改善引当金戻入額,-1,2023/12/28 23:16,2023/12/28 23:16
損益計算書,特別利益,,,,2700031,店舗閉鎖損失引当金戻入額,-1,2023/12/28 23:16,2023/12/28 23:16
損益計算書,特別利益,,,,2700032,訴訟損失引当金戻入額,-1,2023/12/28 23:16,2023/12/28 23:16
損益計算書,特別利益,,,,2700033,災害損失引当金戻入額,-1,2023/12/28 23:16,2023/12/28 23:16
損益計算書,特別利益,,,,2700034,退職給付信託設定益,-1,2023/12/28 23:16,2023/12/28 23:16
損益計算書,特別利益,,,,2700035,厚生年金基金代行返上益,-1,2023/12/28 23:16,2023/12/28 23:16
損益計算書,特別利益,,,,2700036,退職給付制度改定益,-1,2023/12/28 23:16,2023/12/28 23:16
損益計算書,特別利益,,,,2700037,退職給付制度終了益,-1,2023/12/28 23:16,2023/12/28 23:16
損益計算書,特別利益,,,,2700038,工事負担金等受入額,-1,2023/12/28 23:16,2023/12/28 23:16
損益計算書,特別利益,,,,2700039,新株予約権戻入益,-1,2023/12/28 23:16,2023/12/28 23:16
損益計算書,特別利益,,,,2700040,資産除去債務戻入益,-1,2023/12/28 23:16,2023/12/28 23:16
損益計算書,特別利益,,,,2700041,保険差益,-1,2023/12/28 23:16,2023/12/28 23:16
損益計算書,特別利益,,,,2700042,収用補償金,-1,2023/12/28 23:16,2023/12/28 23:16
損益計算書,特別利益,,,,2700043,移転補償金,-1,2023/12/28 23:16,2023/12/28 23:16
損益計算書,特別利益,,,,2700044,受取和解金,-1,2023/12/28 23:16,2023/12/28 23:16
損益計算書,特別利益,,,,2700045,違約金収入,-1,2023/12/28 23:16,2023/12/28 23:16
損益計算書,特別利益,,,,2700046,債務免除益,-1,2023/12/28 23:16,2023/12/28 23:16
損益計算書,特別損失,,,,2800001,企業結合における交換損失,1,2023/12/28 23:16,2023/12/28 23:16
損益計算書,特別損失,,,,2800002,事業分離における移転損失,1,2023/12/28 23:16,2023/12/28 23:16
損益計算書,特別損失,,,,2800003,段階取得に係る差損,1,2023/12/28 23:16,2023/12/28 23:16
損益計算書,特別損失,,,,2800004,持分変動損失,1,2023/12/28 23:16,2023/12/28 23:16
損益計算書,特別損失,,,,2800005,抱合せ株式消滅差損,1,2023/12/28 23:16,2023/12/28 23:16
損益計算書,特別損失,,,,2800006,合併関連費用,1,2023/12/28 23:16,2023/12/28 23:16
損益計算書,特別損失,,,,2800007,固定資産売却損,1,2023/12/28 23:16,2023/12/28 23:16
損益計算書,特別損失,,,,2800008,減損損失,1,2023/12/28 23:16,2023/12/28 23:16
損益計算書,特別損失,,,,2800009,災害による損失,1,2023/12/28 23:16,2023/12/28 23:16
損益計算書,特別損失,,,,2800010,固定資産除却損,1,2023/12/28 23:16,2023/12/28 23:16
損益計算書,特別損失,,,,2800011,固定資産除売却損,1,2023/12/28 23:16,2023/12/28 23:16
損益計算書,特別損失,,,,2800012,固定資産廃棄損,1,2023/12/28 23:16,2023/12/28 23:16
損益計算書,特別損失,,,,2800013,固定資産処分損,1,2023/12/28 23:16,2023/12/28 23:16
損益計算書,特別損失,,,,2800014,固定資産評価損,1,2023/12/28 23:16,2023/12/28 23:16
損益計算書,特別損失,,,,2800015,有形固定資産売却損,1,2023/12/28 23:16,2023/12/28 23:16
損益計算書,特別損失,,,,2800016,有形固定資産除却損,1,2023/12/28 23:16,2023/12/28 23:16
損益計算書,特別損失,,,,2800017,有形固定資産処分損,1,2023/12/28 23:16,2023/12/28 23:16
損益計算書,特別損失,,,,2800018,土地売却損,1,2023/12/28 23:16,2023/12/28 23:16
損益計算書,特別損失,,,,2800019,投資有価証券売却損,1,2023/12/28 23:16,2023/12/28 23:16
損益計算書,特別損失,,,,2800020,投資有価証券償還損,1,2023/12/28 23:16,2023/12/28 23:16
損益計算書,特別損失,,,,2800021,匿名組合投資損失,1,2023/12/28 23:16,2023/12/28 23:16
損益計算書,特別損失,,,,2800022,関係会社株式評価損,1,2023/12/28 23:16,2023/12/28 23:16
損益計算書,特別損失,,,,2800023,関係会社株式売却損,1,2023/12/28 23:16,2023/12/28 23:16
損益計算書,特別損失,,,,2800024,投資損失引当金繰入額,1,2023/12/28 23:16,2023/12/28 23:16
損益計算書,特別損失,,,,2800025,関係会社出資金評価損,1,2023/12/28 23:16,2023/12/28 23:16
損益計算書,特別損失,,,,2800026,子会社株式売却損,1,2023/12/28 23:16,2023/12/28 23:16
損益計算書,特別損失,,,,2800027,子会社株式評価損,1,2023/12/28 23:16,2023/12/28 23:16
損益計算書,特別損失,,,,2800028,関係会社整理損,1,2023/12/28 23:16,2023/12/28 23:16
損益計算書,特別損失,,,,2800029,関係会社整理損失引当金繰入額,1,2023/12/28 23:16,2023/12/28 23:16
損益計算書,特別損失,,,,2800030,事業整理損,1,2023/12/28 23:16,2023/12/28 23:16
損益計算書,特別損失,,,,2800031,事業整理損失引当金繰入額,1,2023/12/28 23:16,2023/12/28 23:16
損益計算書,特別損失,,,,2800032,関係会社事業損失,1,2023/12/28 23:16,2023/12/28 23:16
損益計算書,特別損失,,,,2800033,関係会社事業損失引当金繰入額,1,2023/12/28 23:16,2023/12/28 23:16
損益計算書,特別損失,,,,2800034,事業構造改善費用,1,2023/12/28 23:16,2023/12/28 23:16
損益計算書,特別損失,,,,2800035,事業構造改善引当金繰入額,1,2023/12/28 23:16,2023/12/28 23:16
損益計算書,特別損失,,,,2800036,関係会社清算損,1,2023/12/28 23:16,2023/12/28 23:16
損益計算書,特別損失,,,,2800037,子会社整理損,1,2023/12/28 23:16,2023/12/28 23:16
損益計算書,特別損失,,,,2800038,子会社清算損,1,2023/12/28 23:16,2023/12/28 23:16
損益計算書,特別損失,,,,2800039,事業再編損,1,2023/12/28 23:16,2023/12/28 23:16
損益計算書,特別損失,,,,2800040,事業撤退損,1,2023/12/28 23:16,2023/12/28 23:16
損益計算書,特別損失,,,,2800041,事業譲渡損,1,2023/12/28 23:16,2023/12/28 23:16
損益計算書,特別損失,,,,2800042,関係会社支援損,1,2023/12/28 23:16,2023/12/28 23:16
損益計算書,特別損失,,,,2800043,関係会社貸倒引当金繰入額,1,2023/12/28 23:16,2023/12/28 23:16
損益計算書,特別損失,,,,2800044,その他の投資評価損,1,2023/12/28 23:16,2023/12/28 23:16
損益計算書,特別損失,,,,2800045,ゴルフ会員権貸倒引当金繰入額,1,2023/12/28 23:16,2023/12/28 23:16
損益計算書,特別損失,,,,2800046,ゴルフ会員権売却損,1,2023/12/28 23:16,2023/12/28 23:16
損益計算書,特別損失,,,,2800047,会員権売却損,1,2023/12/28 23:16,2023/12/28 23:16
損益計算書,特別損失,,,,2800048,電話加入権評価損,1,2023/12/28 23:16,2023/12/28 23:16
損益計算書,特別損失,,,,2800049,施設利用権評価損,1,2023/12/28 23:16,2023/12/28 23:16
損益計算書,特別損失,,,,2800050,特別退職金,1,2023/12/28 23:16,2023/12/28 23:16
損益計算書,特別損失,,,,2800051,割増退職金,1,2023/12/28 23:16,2023/12/28 23:16
損益計算書,特別損失,,,,2800052,早期割増退職金,1,2023/12/28 23:16,2023/12/28 23:16
損益計算書,特別損失,,,,2800053,退職特別加算金,1,2023/12/28 23:16,2023/12/28 23:16
損益計算書,特別損失,,,,2800054,店舗閉鎖損失,1,2023/12/28 23:16,2023/12/28 23:16
損益計算書,特別損失,,,,2800055,店舗閉鎖損失引当金繰入額,1,2023/12/28 23:16,2023/12/28 23:16
損益計算書,特別損失,,,,2800056,事務所移転費用,1,2023/12/28 23:16,2023/12/28 23:16
損益計算書,特別損失,,,,2800057,本社移転費用,1,2023/12/28 23:16,2023/12/28 23:16
損益計算書,特別損失,,,,2800058,債務保証損失引当金繰入額,1,2023/12/28 23:16,2023/12/28 23:16
損益計算書,特別損失,,,,2800059,建物除却損,1,2023/12/28 23:16,2023/12/28 23:16
損益計算書,特別損失,,,,2800060,工事負担金等圧縮額,1,2023/12/28 23:16,2023/12/28 23:16
損益計算書,特別損失,,,,2800061,ソフトウエア除却損,1,2023/12/28 23:16,2023/12/28 23:16
損益計算書,特別損失,,,,2800062,賃貸借契約解約損,1,2023/12/28 23:16,2023/12/28 23:16
損益計算書,特別損失,,,,2800063,退職給付制度改定損,1,2023/12/28 23:16,2023/12/28 23:16
損益計算書,特別損失,,,,2800064,退職給付制度終了損,1,2023/12/28 23:16,2023/12/28 23:16
損益計算書,特別損失,,,,2800065,損害賠償金,1,2023/12/28 23:16,2023/12/28 23:16
損益計算書,特別損失,,,,2800066,和解金,1,2023/12/28 23:16,2023/12/28 23:16
損益計算書,特別損失,,,,2800067,訴訟和解金,1,2023/12/28 23:16,2023/12/28 23:16
損益計算書,特別損失,,,,2800068,訴訟関連損失,1,2023/12/28 23:16,2023/12/28 23:16
損益計算書,特別損失,,,,2800069,訴訟損失引当金繰入額,1,2023/12/28 23:16,2023/12/28 23:16
損益計算書,特別損失,,,,2800070,環境対策引当金繰入額,1,2023/12/28 23:16,2023/12/28 23:16
損益計算書,特別損失,,,,2800071,環境対策費,1,2023/12/28 23:16,2023/12/28 23:16
損益計算書,特別損失,,,,2800072,偶発損失引当金繰入額,1,2023/12/28 23:16,2023/12/28 23:16
損益計算書,特別損失,,,,2800073,災害損失引当金繰入額,1,2023/12/28 23:16,2023/12/28 23:16
損益計算書,特別損失,,,,2800074,臨時損失,1,2023/12/28 23:16,2023/12/28 23:16
損益計算書,法人税等,法人税、住民税及び事業税,,,2910001,法人税等,1,2023/12/28 23:16,2023/12/28 23:16
損益計算書,法人税等,法人税、住民税及び事業税,,,2910002,法人税、住民税及び事業税,1,2023/12/28 23:16,2023/12/28 23:16
損益計算書,法人税等,法人税、住民税及び事業税,,,2910003,法人税等の更正、決定等による納付税額又は還付税額,1,2023/12/28 23:16,2023/12/28 23:16
損益計算書,法人税等,法人税、住民税及び事業税,,,2910004,法人税等還付税額,1,2023/12/28 23:16,2023/12/28 23:16
損益計算書,法人税等,法人税、住民税及び事業税,,,2910005,過年度法人税等,1,2023/12/28 23:16,2023/12/28 23:16
損益計算書,法人税等,法人税、住民税及び事業税,,,2910006,過年度法人税等戻入額,1,2023/12/28 23:16,2023/12/28 23:16
損益計算書,法人税等,法人税等調整額,,,2920001,法人税等調整額,1,2023/12/28 23:16,2023/12/28 23:16
